country,state,city,station,last_update,latitude,longitude,pollutant_id,pollutant_min,pollutant_max,pollutant_avg
India,Bihar,Gaya,"Kareemganj, Gaya - BSPCB","02-12-2025 22:00:00",24.792403,84.992416,PM10,NA,NA,NA
India,Bihar,Gaya,"Kareemganj, Gaya - BSPCB","02-12-2025 22:00:00",24.792403,84.992416,NO2,NA,NA,NA
India,Bihar,Gaya,"Kareemganj, Gaya - BSPCB","02-12-2025 22:00:00",24.792403,84.992416,SO2,NA,NA,NA
India,Bihar,Gaya,"Kareemganj, Gaya - BSPCB","02-12-2025 22:00:00",24.792403,84.992416,CO,20,43,27
India,Bihar,Gaya,"SFTI Kusdihra, Gaya - BSPCB","02-12-2025 22:00:00",24.762518,84.982348,NO2,17,23,21
India,Bihar,Hajipur,"Industrial Area, Hajipur - BSPCB","02-12-2025 22:00:00",25.697189,85.245900,PM2.5,89,330,203
India,Bihar,Hajipur,"Industrial Area, Hajipur - BSPCB","02-12-2025 22:00:00",25.697189,85.245900,NO2,23,47,35
India,Bihar,Hajipur,"Industrial Area, Hajipur - BSPCB","02-12-2025 22:00:00",25.697189,85.245900,OZONE,5,163,73
India,Bihar,Katihar,"Mirchaibari, Katihar - BSPCB","02-12-2025 22:00:00",25.560083,87.553265,SO2,NA,NA,NA
India,Bihar,Katihar,"Mirchaibari, Katihar - BSPCB","02-12-2025 22:00:00",25.560083,87.553265,CO,48,94,78
India,Andhra_Pradesh,Amaravati,"Secretariat, Amaravati - APPCB","02-12-2025 22:00:00",16.5150833,80.5181667,NH3,4,5,4
India,Andhra_Pradesh,Amaravati,"Secretariat, Amaravati - APPCB","02-12-2025 22:00:00",16.5150833,80.5181667,OZONE,27,55,46
India,Andhra_Pradesh,Anantapur,"Gulzarpet, Anantapur - APPCB","02-12-2025 22:00:00",14.675886,77.593027,PM10,47,107,67
India,Andhra_Pradesh,Anantapur,"Gulzarpet, Anantapur - APPCB","02-12-2025 22:00:00",14.675886,77.593027,SO2,12,14,13
India,Andhra_Pradesh,Anantapur,"Gulzarpet, Anantapur - APPCB","02-12-2025 22:00:00",14.675886,77.593027,OZONE,NA,NA,NA
India,Andhra_Pradesh,Kadapa,"Yerramukkapalli, Kadapa - APPCB","02-12-2025 22:00:00",14.465052,78.824187,OZONE,21,24,22
India,Andhra_Pradesh,Rajamahendravaram,"Anand Kala Kshetram, Rajamahendravaram - APPCB","02-12-2025 22:00:00",16.9872867,81.7363176,PM10,57,110,82
India,Andhra_Pradesh,Rajamahendravaram,"Anand Kala Kshetram, Rajamahendravaram - APPCB","02-12-2025 22:00:00",16.9872867,81.7363176,SO2,4,8,6
India,Bihar,Bhagalpur,"Mayaganj, Bhagalpur - BSPCB","02-12-2025 22:00:00",25.265194,87.012947,CO,68,108,96
India,Bihar,"Bihar Sharif","D M Colony, Bihar Sharif - BSPCB","02-12-2025 22:00:00",25.204762,85.514960,SO2,10,10,10
India,Bihar,Buxar,"Charitra Van, Buxar - BSPCB","02-12-2025 22:00:00",25.567520,83.966379,PM2.5,58,237,116
India,Bihar,Buxar,"Charitra Van, Buxar - BSPCB","02-12-2025 22:00:00",25.567520,83.966379,OZONE,8,155,88
India,Bihar,Chhapra,"Darshan Nagar, Chhapra - BSPCB","02-12-2025 22:00:00",25.7808257,84.7446768,PM10,32,79,55
India,Bihar,Chhapra,"Darshan Nagar, Chhapra - BSPCB","02-12-2025 22:00:00",25.7808257,84.7446768,SO2,19,23,21
India,Bihar,Chhapra,"Darshan Nagar, Chhapra - BSPCB","02-12-2025 22:00:00",25.7808257,84.7446768,CO,8,23,16
India,Assam,Silchar,"Tarapur, Silchar - PCBA","02-12-2025 22:00:00",24.82827,92.79525,SO2,3,33,11
India,Assam,Silchar,"Tarapur, Silchar - PCBA","02-12-2025 22:00:00",24.82827,92.79525,OZONE,1,3,2
India,Assam,Sivasagar,"Girls College, Sivasagar - PCBA","02-12-2025 22:00:00",26.987634,94.636574,SO2,6,11,9
India,Bihar,Arrah,"New DM Office, Arrah - BSPCB","02-12-2025 22:00:00",25.5626095,84.663264,PM10,NA,NA,NA
India,Bihar,Arrah,"New DM Office, Arrah - BSPCB","02-12-2025 22:00:00",25.5626095,84.663264,SO2,NA,NA,NA
India,Bihar,Arrah,"New DM Office, Arrah - BSPCB","02-12-2025 22:00:00",25.5626095,84.663264,OZONE,6,10,8
India,Andhra_Pradesh,Tirumala,"Toll Gate, Tirumala - APPCB","02-12-2025 22:00:00",13.67,79.35,PM10,8,25,14
India,Andhra_Pradesh,Tirupati,"Vaikuntapuram, Tirupati - APPCB","02-12-2025 22:00:00",13.615387,79.409230,NH3,3,4,4
India,Andhra_Pradesh,Tirupati,"Vaikuntapuram, Tirupati - APPCB","02-12-2025 22:00:00",13.615387,79.409230,OZONE,16,17,17
India,Andhra_Pradesh,Vijayawada,"HB Colony, Vijayawada - APPCB","02-12-2025 22:00:00",16.536107,80.594233,NO2,16,24,22
India,Andhra_Pradesh,Vijayawada,"HB Colony, Vijayawada - APPCB","02-12-2025 22:00:00",16.536107,80.594233,SO2,8,18,15
India,Andhra_Pradesh,Visakhapatnam,"GVM Corporation, Visakhapatnam - APPCB","02-12-2025 22:00:00",17.72,83.3,PM10,97,124,111
India,Andhra_Pradesh,Visakhapatnam,"GVM Corporation, Visakhapatnam - APPCB","02-12-2025 22:00:00",17.72,83.3,CO,25,53,43
India,Assam,Byrnihat,"Central Academy for SFS, Byrnihat - PCBA","02-12-2025 22:00:00",26.071318,91.87488,NH3,4,4,4
India,Assam,Byrnihat,"Central Academy for SFS, Byrnihat - PCBA","02-12-2025 22:00:00",26.071318,91.87488,OZONE,15,22,20
India,Assam,Guwahati,"LGBI Airport, Guwahati - PCBA","02-12-2025 22:00:00",26.10887,91.589544,PM10,26,88,62
India,Assam,Nagaon,"Christianpatty, Nagaon - PCBA","02-12-2025 22:00:00",26.349082,92.68449,NO2,1,1,1
India,Assam,Nalbari,"Bata Chowk, Nalbari - PCBA","02-12-2025 22:00:00",26.446912,91.439057,SO2,7,8,8
India,Bihar,Bhagalpur,"DM Office_Kachari Chowk, Bhagalpur - BSPCB","02-12-2025 22:00:00",25.251013,86.989001,PM2.5,33,83,54
India,Bihar,Bhagalpur,"DM Office_Kachari Chowk, Bhagalpur - BSPCB","02-12-2025 22:00:00",25.251013,86.989001,NO2,7,11,9
India,Bihar,Bhagalpur,"DM Office_Kachari Chowk, Bhagalpur - BSPCB","02-12-2025 22:00:00",25.251013,86.989001,CO,13,18,16
India,"Andaman and Nicobar","Sri Vijaya Puram","Police Line, Sri Vijaya Puram - ANPCC","02-12-2025 22:00:00",11.654054,92.734055,NO2,NA,NA,NA
India,Andhra_Pradesh,Vijayawada,"Rajiv Gandhi Park, Vijayawada - APPCB","02-12-2025 22:00:00",16.509717,80.612222,OZONE,12,37,26
India,Bihar,Kishanganj,"SDM Office_Khagra, Kishanganj - BSPCB","02-12-2025 22:00:00",26.0881305,87.93840336,NH3,3,3,3
India,Bihar,Manguraha,"Forest Rest House, Manguraha - BSPCB","02-12-2025 22:00:00",27.308328,84.531742,PM10,66,235,133
India,Bihar,Manguraha,"Forest Rest House, Manguraha - BSPCB","02-12-2025 22:00:00",27.308328,84.531742,SO2,16,17,17
India,Bihar,Motihari,"Gandak Colony, Motihari - BSPCB","02-12-2025 22:00:00",26.63086,84.90051,PM10,52,172,118
India,Bihar,Motihari,"Gandak Colony, Motihari - BSPCB","02-12-2025 22:00:00",26.63086,84.90051,SO2,3,3,3
India,Bihar,Motihari,"Gandak Colony, Motihari - BSPCB","02-12-2025 22:00:00",26.63086,84.90051,CO,42,56,54
India,Bihar,Munger,"Town Hall, Munger - BSPCB","02-12-2025 22:00:00",25.376776,86.471523,NH3,5,11,6
India,Bihar,Munger,"Town Hall, Munger - BSPCB","02-12-2025 22:00:00",25.376776,86.471523,CO,24,68,44
India,Bihar,Muzaffarpur,"Buddha Colony, Muzaffarpur - BSPCB","02-12-2025 22:00:00",26.11442,85.39813,PM10,72,128,110
India,Bihar,Muzaffarpur,"Buddha Colony, Muzaffarpur - BSPCB","02-12-2025 22:00:00",26.11442,85.39813,NO2,23,67,40
India,Bihar,Muzaffarpur,"Buddha Colony, Muzaffarpur - BSPCB","02-12-2025 22:00:00",26.11442,85.39813,CO,30,104,61
India,Bihar,Saharsa,"Police Line, Saharsa - BSPCB","02-12-2025 22:00:00",25.892357,86.590325,PM10,58,155,106
India,Bihar,Saharsa,"Police Line, Saharsa - BSPCB","02-12-2025 22:00:00",25.892357,86.590325,NO2,6,9,7
India,Bihar,Saharsa,"Police Line, Saharsa - BSPCB","02-12-2025 22:00:00",25.892357,86.590325,OZONE,5,11,10
India,Bihar,Samastipur,"DM Office_Kasipur, Samastipur - BSPCB","02-12-2025 22:00:00",25.859655,85.77944,PM10,29,160,64
India,Bihar,Samastipur,"DM Office_Kasipur, Samastipur - BSPCB","02-12-2025 22:00:00",25.859655,85.77944,NH3,1,2,1
India,Bihar,Samastipur,"DM Office_Kasipur, Samastipur - BSPCB","02-12-2025 22:00:00",25.859655,85.77944,SO2,17,33,25
India,Bihar,Samastipur,"DM Office_Kasipur, Samastipur - BSPCB","02-12-2025 22:00:00",25.859655,85.77944,OZONE,7,9,8
India,Bihar,Sasaram,"Dada Peer, Sasaram - BSPCB","02-12-2025 22:00:00",24.952822,84.002396,PM10,76,252,144
India,Bihar,Sasaram,"Dada Peer, Sasaram - BSPCB","02-12-2025 22:00:00",24.952822,84.002396,NH3,3,3,3
India,Bihar,Siwan,"Chitragupta Nagar, Siwan - BSPCB","02-12-2025 22:00:00",26.2271665,84.3570427,NO2,1,3,2
India,Bihar,Siwan,"Chitragupta Nagar, Siwan - BSPCB","02-12-2025 22:00:00",26.2271665,84.3570427,NH3,1,1,1
India,Chhattisgarh,Bhilai,"Civic Center, Bhilai - Bhilai Steel Plant","02-12-2025 22:00:00",21.185571,81.343175,SO2,7,10,8
India,Chhattisgarh,Bhilai,"Hathkhoj, Bhilai - CECB","02-12-2025 22:00:00",21.224231,81.408350,PM2.5,NA,NA,NA
India,Chhattisgarh,Bhilai,"Hathkhoj, Bhilai - CECB","02-12-2025 22:00:00",21.224231,81.408350,NO2,NA,NA,NA
India,Chhattisgarh,Bhilai,"Hathkhoj, Bhilai - CECB","02-12-2025 22:00:00",21.224231,81.408350,SO2,NA,NA,NA
India,Chhattisgarh,Bhilai,"Hathkhoj, Bhilai - CECB","02-12-2025 22:00:00",21.224231,81.408350,CO,28,52,36
India,Chhattisgarh,Bilaspur,"Mangala, Bilaspur - NTPC","02-12-2025 22:00:00",22.08815,82.13737,NO2,19,29,25
India,Chhattisgarh,Bilaspur,"Mangala, Bilaspur - NTPC","02-12-2025 22:00:00",22.08815,82.13737,CO,28,107,49
India,Chhattisgarh,Chhal,"Nawapara SECL Colony, Chhal - CECB","02-12-2025 22:00:00",22.118125,83.140608,NO2,7,19,11
India,Chhattisgarh,Chhal,"Nawapara SECL Colony, Chhal - CECB","02-12-2025 22:00:00",22.118125,83.140608,OZONE,6,151,89
India,Bihar,Patna,"Muradpur, Patna - BSPCB","02-12-2025 22:00:00",25.619651,85.147382,CO,34,80,47
India,Bihar,Patna,"Rajbansi Nagar, Patna - BSPCB","02-12-2025 22:00:00",25.599486,85.113666,SO2,6,8,7
India,Bihar,Patna,"Rajbansi Nagar, Patna - BSPCB","02-12-2025 22:00:00",25.599486,85.113666,OZONE,21,30,24
India,Bihar,Patna,"Samanpura, Patna - BSPCB","02-12-2025 22:00:00",25.596727,85.085624,NO2,20,21,21
India,Bihar,Patna,"Samanpura, Patna - BSPCB","02-12-2025 22:00:00",25.596727,85.085624,NH3,5,5,5
India,Bihar,Purnia,"Mariam Nagar, Purnia - BSPCB","02-12-2025 22:00:00",25.366336,87.117468,NH3,3,3,3
India,Bihar,Rajgir,"Dangi Tola, Rajgir - BSPCB","02-12-2025 22:00:00",25.03280,85.41948,NH3,6,8,6
India,Chandigarh,Chandigarh,"Sector 22, Chandigarh - CPCC","02-12-2025 22:00:00",30.735567,76.775714,PM10,70,181,115
India,Chandigarh,Chandigarh,"Sector 22, Chandigarh - CPCC","02-12-2025 22:00:00",30.735567,76.775714,SO2,4,26,11
India,Chhattisgarh,Bhilai,"32Bungalows, Bhilai - CECB","02-12-2025 22:00:00",21.194815,81.314770,PM2.5,31,47,37
India,Chhattisgarh,Bhilai,"32Bungalows, Bhilai - CECB","02-12-2025 22:00:00",21.194815,81.314770,PM10,56,98,70
India,Chhattisgarh,Bhilai,"32Bungalows, Bhilai - CECB","02-12-2025 22:00:00",21.194815,81.314770,SO2,6,72,24
India,Chhattisgarh,Bhilai,"32Bungalows, Bhilai - CECB","02-12-2025 22:00:00",21.194815,81.314770,OZONE,4,84,54
India,Chhattisgarh,Bhilai,"Civic Center, Bhilai - Bhilai Steel Plant","02-12-2025 22:00:00",21.185571,81.343175,PM2.5,35,88,56
India,Chhattisgarh,Tumidih,"OP Jindal Industrial Park, Tumidih - CECB","02-12-2025 22:00:00",22.06631475,83.33820077,OZONE,NA,NA,NA
India,Delhi,Delhi,"Anand Vihar, Delhi - DPCC","02-12-2025 22:00:00",28.647622,77.3158090,NO2,82,196,135
India,Delhi,Delhi,"Ashok Vihar, Delhi - DPCC","02-12-2025 22:00:00",28.695381,77.181665,PM10,284,468,410
India,Delhi,Delhi,"Ashok Vihar, Delhi - DPCC","02-12-2025 22:00:00",28.695381,77.181665,NO2,75,166,128
India,Delhi,Delhi,"Bawana, Delhi - DPCC","02-12-2025 22:00:00",28.776200,77.051074,PM2.5,365,500,436
India,Chhattisgarh,Korba,"Urja Nagar, Korba - CECB","02-12-2025 22:00:00",22.348441,82.549611,PM10,92,93,92
India,Chhattisgarh,Kunjemura,"OP Jindal School, Kunjemura - CECB","02-12-2025 22:00:00",22.126650,83.483212,PM2.5,26,66,50
India,Chhattisgarh,Kunjemura,"OP Jindal School, Kunjemura - CECB","02-12-2025 22:00:00",22.126650,83.483212,NO2,13,60,31
India,Chhattisgarh,Kunjemura,"OP Jindal School, Kunjemura - CECB","02-12-2025 22:00:00",22.126650,83.483212,SO2,1,26,10
India,Chhattisgarh,Kunjemura,"OP Jindal School, Kunjemura - CECB","02-12-2025 22:00:00",22.126650,83.483212,OZONE,1,65,38
India,Chhattisgarh,Milupara,"Govt. Higher Secondary School, Milupara - CECB","02-12-2025 22:00:00",22.1910172,83.5197009,NO2,17,58,29
India,Bihar,Muzaffarpur,"MIT-Daudpur Kothi, Muzaffarpur - BSPCB","02-12-2025 22:00:00",26.1403345,85.3650192,PM10,58,80,70
India,Bihar,Muzaffarpur,"MIT-Daudpur Kothi, Muzaffarpur - BSPCB","02-12-2025 22:00:00",26.1403345,85.3650192,NO2,13,20,17
India,Bihar,Patna,"Govt. High School Shikarpur, Patna - BSPCB","02-12-2025 22:00:00",25.592539,85.227158,NO2,2,45,23
India,Bihar,Patna,"Govt. High School Shikarpur, Patna - BSPCB","02-12-2025 22:00:00",25.592539,85.227158,SO2,10,15,12
India,Bihar,Patna,"Muradpur, Patna - BSPCB","02-12-2025 22:00:00",25.619651,85.147382,PM2.5,54,299,154
India,Chhattisgarh,Raipur,"AIIMS, Raipur - CECB","02-12-2025 22:00:00",21.258815,81.578979,SO2,3,9,5
India,Chhattisgarh,Raipur,"Bhatagaon New ISBT, Raipur - CECB","02-12-2025 22:00:00",21.219665,81.630094,CO,36,100,55
India,Chhattisgarh,Raipur,"Krishak Nagar, Raipur - CECB","02-12-2025 22:00:00",21.237755,81.705301,SO2,5,10,7
India,Delhi,Delhi,"Bawana, Delhi - DPCC","02-12-2025 22:00:00",28.776200,77.051074,NH3,6,8,7
India,Delhi,Delhi,"Bawana, Delhi - DPCC","02-12-2025 22:00:00",28.776200,77.051074,CO,40,123,74
India,Delhi,Delhi,"Bawana, Delhi - DPCC","02-12-2025 22:00:00",28.776200,77.051074,OZONE,5,212,90
India,Delhi,Delhi,"Burari Crossing, Delhi - IMD","02-12-2025 22:00:00",28.7256504,77.2011573,OZONE,8,303,142
India,Delhi,Delhi,"CRRI Mathura Road, Delhi - IMD","02-12-2025 22:00:00",28.5512005,77.2735737,NO2,NA,NA,NA
India,Delhi,Delhi,"CRRI Mathura Road, Delhi - IMD","02-12-2025 22:00:00",28.5512005,77.2735737,OZONE,13,256,117
India,Delhi,Delhi,"Chandni Chowk, Delhi - IITM","02-12-2025 22:00:00",28.656756,77.227234,NO2,47,143,93
India,Delhi,Delhi,"Chandni Chowk, Delhi - IITM","02-12-2025 22:00:00",28.656756,77.227234,OZONE,2,120,36
India,Delhi,Delhi,"DTU, Delhi - CPCB","02-12-2025 22:00:00",28.7500499,77.1112615,NO2,70,94,74
India,Delhi,Delhi,"Okhla Phase-2, Delhi - DPCC","02-12-2025 22:00:00",28.530785,77.271255,NO2,123,247,179
India,Delhi,Delhi,"Patparganj, Delhi - DPCC","02-12-2025 22:00:00",28.623763,77.287209,NO2,69,199,142
India,Delhi,Delhi,"Patparganj, Delhi - DPCC","02-12-2025 22:00:00",28.623763,77.287209,SO2,3,12,7
India,Delhi,Delhi,"Patparganj, Delhi - DPCC","02-12-2025 22:00:00",28.623763,77.287209,OZONE,3,230,115
India,Delhi,Delhi,"Punjabi Bagh, Delhi - DPCC","02-12-2025 22:00:00",28.674045,77.131023,PM10,281,484,388
India,Delhi,Delhi,"Pusa, Delhi - DPCC","02-12-2025 22:00:00",28.639652,77.146275,PM10,223,480,321
India,Delhi,Delhi,"Pusa, Delhi - IMD","02-12-2025 22:00:00",28.636110,77.173332,PM2.5,325,401,367
India,Delhi,Delhi,"Pusa, Delhi - IMD","02-12-2025 22:00:00",28.636110,77.173332,NO2,71,162,111
India,Delhi,Delhi,"Dr. Karni Singh Shooting Range, Delhi - DPCC","02-12-2025 22:00:00",28.498571,77.264840,NH3,8,13,10
India,Delhi,Delhi,"Dwarka-Sector 8, Delhi - DPCC ","02-12-2025 22:00:00",28.5710274,77.0719006,PM2.5,312,423,376
India,Delhi,Delhi,"IGI Airport (T3), Delhi - IMD","02-12-2025 22:00:00",28.5627763,77.1180053,PM10,104,424,317
India,Delhi,Delhi,"IHBAS, Dilshad Garden, Delhi - CPCB","02-12-2025 22:00:00",28.6811736,77.3025234,PM10,258,465,337
India,Delhi,Delhi,"IHBAS, Dilshad Garden, Delhi - CPCB","02-12-2025 22:00:00",28.6811736,77.3025234,SO2,13,39,19
India,Delhi,Delhi,"IIT Delhi, Delhi - IITM","02-12-2025 22:00:00",28.542460,77.191651,PM2.5,285,405,358
India,Delhi,Delhi,"IIT Delhi, Delhi - IITM","02-12-2025 22:00:00",28.542460,77.191651,OZONE,7,47,31
India,Delhi,Delhi,"Jahangirpuri, Delhi - DPCC","02-12-2025 22:00:00",28.732820,77.170633,NH3,8,9,8
India,Delhi,Delhi,"Jawaharlal Nehru Stadium, Delhi - DPCC","02-12-2025 22:00:00",28.580280,77.233829,PM10,339,500,417
India,Delhi,Delhi,"Jawaharlal Nehru Stadium, Delhi - DPCC","02-12-2025 22:00:00",28.580280,77.233829,SO2,2,27,10
India,Delhi,Delhi,"Jawaharlal Nehru Stadium, Delhi - DPCC","02-12-2025 22:00:00",28.580280,77.233829,OZONE,4,149,31
India,Delhi,Delhi,"Lodhi Road, Delhi - IITM","02-12-2025 22:00:00",28.588333,77.221667,PM2.5,300,368,340
India,Delhi,Delhi,"Lodhi Road, Delhi - IITM","02-12-2025 22:00:00",28.588333,77.221667,SO2,8,25,14
India,Gujarat,Ahmedabad,"Chandkheda, Ahmedabad - IITM","02-12-2025 22:00:00",23.107969,72.574648,PM2.5,NA,NA,NA
India,Gujarat,Ahmedabad,"Gyaspur, Ahmedabad - IITM","02-12-2025 22:00:00",22.977134,72.553024,NO2,34,151,88
India,Gujarat,Ahmedabad,"Gyaspur, Ahmedabad - IITM","02-12-2025 22:00:00",22.977134,72.553024,NH3,3,70,19
India,Gujarat,Ahmedabad,"Maninagar, Ahmedabad - GPCB","02-12-2025 22:00:00",23.002657,72.591912,PM10,67,264,121
India,Gujarat,Ahmedabad,"Maninagar, Ahmedabad - GPCB","02-12-2025 22:00:00",23.002657,72.591912,NO2,59,60,60
India,Gujarat,Ahmedabad,"Rakhial, Ahmedabad - IITM","02-12-2025 22:00:00",23.016834,72.625775,PM2.5,62,258,159
India,Delhi,Delhi,"Major Dhyan Chand National Stadium, Delhi - DPCC","02-12-2025 22:00:00",28.611281,77.237738,NO2,103,226,146
India,Delhi,Delhi,"Major Dhyan Chand National Stadium, Delhi - DPCC","02-12-2025 22:00:00",28.611281,77.237738,NH3,20,28,24
India,Delhi,Delhi,"Mandir Marg, Delhi - DPCC","02-12-2025 22:00:00",28.636429,77.201067,CO,44,120,75
India,Delhi,Delhi,"Mundka, Delhi - DPCC","02-12-2025 22:00:00",28.684678,77.076574,SO2,8,49,25
India,Delhi,Delhi,"NSIT Dwarka, Delhi - CPCB","02-12-2025 22:00:00",28.60909,77.0325413,NO2,65,108,91
India,Delhi,Delhi,"Pusa, Delhi - IMD","02-12-2025 22:00:00",28.636110,77.173332,CO,105,152,152
India,Delhi,Delhi,"Rohini, Delhi - DPCC","02-12-2025 22:00:00",28.732528,77.119920,PM2.5,328,500,423
India,Delhi,Delhi,"Rohini, Delhi - DPCC","02-12-2025 22:00:00",28.732528,77.119920,NH3,15,30,22
India,Delhi,Delhi,"Rohini, Delhi - DPCC","02-12-2025 22:00:00",28.732528,77.119920,SO2,10,43,20
India,Delhi,Delhi,"Rohini, Delhi - DPCC","02-12-2025 22:00:00",28.732528,77.119920,CO,45,151,84
India,Delhi,Delhi,"Sirifort, Delhi - CPCB","02-12-2025 22:00:00",28.5504249,77.2159377,PM10,198,465,401
India,Delhi,Delhi,"Sri Aurobindo Marg, Delhi - DPCC","02-12-2025 22:00:00",28.531346,77.190156,PM10,166,410,273
India,Delhi,Delhi,"Sri Aurobindo Marg, Delhi - DPCC","02-12-2025 22:00:00",28.531346,77.190156,NO2,18,100,46
India,Delhi,Delhi,"Sri Aurobindo Marg, Delhi - DPCC","02-12-2025 22:00:00",28.531346,77.190156,SO2,4,16,11
India,Delhi,Delhi,"Wazirpur, Delhi - DPCC","02-12-2025 22:00:00",28.699793,77.165453,NO2,60,111,88
India,Delhi,Delhi,"Najafgarh, Delhi - DPCC","02-12-2025 22:00:00",28.570173,76.933762,OZONE,4,12,8
India,Delhi,Delhi,"Narela, Delhi - DPCC","02-12-2025 22:00:00",28.822836,77.101981,SO2,4,35,17
India,Delhi,Delhi,"North Campus, DU, Delhi - IMD","02-12-2025 22:00:00",28.6573814,77.1585447,PM10,189,442,345
India,Gujarat,Ankleshwar,"GIDC, Ankleshwar - GPCB","02-12-2025 22:00:00",21.613267,73.010555,OZONE,38,57,42
India,Gujarat,Gandhinagar,"IIPHG Lekawada, Gandhinagar - IITM","02-12-2025 22:00:00",23.243639,72.68994,PM2.5,2,19,6
India,Gujarat,Gandhinagar,"IIPHG Lekawada, Gandhinagar - IITM","02-12-2025 22:00:00",23.243639,72.68994,PM10,71,131,107
India,Gujarat,Gandhinagar,"IIPHG Lekawada, Gandhinagar - IITM","02-12-2025 22:00:00",23.243639,72.68994,SO2,1,3,2
India,Gujarat,Gandhinagar,"Sector-10, Gandhinagar - GPCB","02-12-2025 22:00:00",23.221714,72.654328,SO2,4,14,8
India,Gujarat,Nandesari,"GIDC, Nandesari - Nandesari Ind. Association","02-12-2025 22:00:00",22.410802,73.097923,PM10,92,159,128
India,Gujarat,Surat,"Science Center, Surat - SMC","02-12-2025 22:00:00",21.170046,72.795405,PM10,32,258,107
India,Gujarat,Surat,"Science Center, Surat - SMC","02-12-2025 22:00:00",21.170046,72.795405,CO,38,42,39
India,Haryana,Mandikhera,"General Hospital, Mandikhera(Nuh) - HSPCB","02-12-2025 22:00:00",27.9002,76.9938,NH3,NA,NA,NA
India,Haryana,Mandikhera,"General Hospital, Mandikhera(Nuh) - HSPCB","02-12-2025 22:00:00",27.9002,76.9938,CO,NA,NA,NA
India,Haryana,Manesar,"Sector-2 IMT, Manesar - HSPCB","02-12-2025 22:00:00",28.360699,76.936090,PM10,147,434,235
India,Haryana,Manesar,"Sector-2 IMT, Manesar - HSPCB","02-12-2025 22:00:00",28.360699,76.936090,NH3,16,19,17
India,Haryana,Manesar,"Sector-2 IMT, Manesar - HSPCB","02-12-2025 22:00:00",28.360699,76.936090,OZONE,10,51,29
India,Haryana,Narnaul,"Shastri Nagar, Narnaul - HSPCB","02-12-2025 22:00:00",28.060249,76.113115,PM2.5,143,290,188
India,Haryana,Narnaul,"Shastri Nagar, Narnaul - HSPCB","02-12-2025 22:00:00",28.060249,76.113115,CO,26,49,32
India,Haryana,Palwal,"Shyam Nagar, Palwal - HSPCB","02-12-2025 22:00:00",28.1485564,77.3320667,PM10,98,135,120
India,Gujarat,Vapi,"Phase-1 GIDC, Vapi - GPCB","02-12-2025 22:00:00",20.362421,72.918013,SO2,14,16,15
India,Gujarat,Vatva,"Phase-4 GIDC, Vatva - GPCB","02-12-2025 22:00:00",22.969611,72.643500,PM2.5,85,156,112
India,Haryana,Ambala,"Patti Mehar, Ambala - HSPCB","02-12-2025 22:00:00",30.379589,76.778328,PM2.5,99,173,109
India,Haryana,Ambala,"Patti Mehar, Ambala - HSPCB","02-12-2025 22:00:00",30.379589,76.778328,NH3,9,11,10
India,Haryana,Bahadurgarh,"Arya Nagar, Bahadurgarh - HSPCB","02-12-2025 22:00:00",28.6701,76.9254,CO,44,50,46
India,Haryana,Ballabgarh,"Nathu Colony, Ballabgarh - HSPCB","02-12-2025 22:00:00",28.3419248,77.319699,PM2.5,208,211,209
India,Haryana,Faridabad,"Sector 11, Faridabad - HSPCB","02-12-2025 22:00:00",28.376058,77.315741,PM10,143,419,252
India,Haryana,Faridabad,"Sector 30, Faridabad - HSPCB","02-12-2025 22:00:00",28.4417,77.3217,OZONE,17,20,18
India,Haryana,Fatehabad,"Huda Sector, Fatehabad - HSPCB","02-12-2025 22:00:00",29.503664,75.467934,PM10,102,164,137
India,Haryana,Fatehabad,"Huda Sector, Fatehabad - HSPCB","02-12-2025 22:00:00",29.503664,75.467934,OZONE,10,14,12
India,Haryana,Gurugram,"NISE Gwal Pahari, Gurugram - IMD","02-12-2025 22:00:00",28.422681,77.148944,PM2.5,149,466,355
India,Haryana,Gurugram,"NISE Gwal Pahari, Gurugram - IMD","02-12-2025 22:00:00",28.422681,77.148944,NO2,26,93,48
India,Haryana,Panchkula,"Sector-6, Panchkula - HSPCB ","02-12-2025 22:00:00",30.7057778,76.8531805555555,CO,20,23,22
India,Haryana,Panipat,"Sector-18, Panipat - HSPCB","02-12-2025 22:00:00",29.432304,76.972765,SO2,11,11,11
India,Haryana,Panipat,"Sector-18, Panipat - HSPCB","02-12-2025 22:00:00",29.432304,76.972765,OZONE,30,30,30
India,Haryana,Sirsa,"F-Block, Sirsa - HSPCB","02-12-2025 22:00:00",29.536400,75.015800,NO2,14,24,19
India,Haryana,Sonipat,"Murthal, Sonipat - HSPCB","02-12-2025 22:00:00",29.027200,77.062100,PM10,142,322,226
India,Haryana,Jind,"Police Lines, Jind - HSPCB","02-12-2025 22:00:00",29.307814,76.337619,CO,1,107,40
India,Haryana,Kaithal,"Rishi Nagar, Kaithal - HSPCB","02-12-2025 22:00:00",29.8006,76.4155,PM2.5,67,245,120
India,Haryana,Kaithal,"Rishi Nagar, Kaithal - HSPCB","02-12-2025 22:00:00",29.8006,76.4155,NO2,30,34,31
India,Haryana,Kaithal,"Rishi Nagar, Kaithal - HSPCB","02-12-2025 22:00:00",29.8006,76.4155,OZONE,7,22,18
India,Haryana,Karnal,"Sector-12, Karnal - HSPCB","02-12-2025 22:00:00",29.695300,77.002700,NO2,6,7,6
India,Haryana,Karnal,"Sector-12, Karnal - HSPCB","02-12-2025 22:00:00",29.695300,77.002700,OZONE,41,41,41
India,Haryana,Gurugram,"Sector-51, Gurugram - HSPCB","02-12-2025 22:00:00",28.4227,77.0667,CO,18,38,20
India,Haryana,Gurugram,"Teri Gram, Gurugram - HSPCB","02-12-2025 22:00:00",28.4275,77.1465,PM10,NA,NA,NA
India,Haryana,Gurugram,"Teri Gram, Gurugram - HSPCB","02-12-2025 22:00:00",28.4275,77.1465,SO2,NA,NA,NA
India,Haryana,Gurugram,"Teri Gram, Gurugram - HSPCB","02-12-2025 22:00:00",28.4275,77.1465,CO,48,71,50
India,Haryana,Gurugram,"Teri Gram, Gurugram - HSPCB","02-12-2025 22:00:00",28.4275,77.1465,OZONE,9,37,37
India,Haryana,Jind,"Police Lines, Jind - HSPCB","02-12-2025 22:00:00",29.307814,76.337619,PM10,104,143,121
India,Haryana,Bhiwani,"H.B. Colony, Bhiwani - HSPCB","02-12-2025 22:00:00",28.806223,76.141105,PM2.5,221,261,238
India,Gujarat,Ahmedabad,"SAC ISRO Bopal, Ahmedabad - IITM","02-12-2025 22:00:00",23.041137,72.456691,SO2,2,4,3
India,"Himachal Pradesh",Baddi,"HIMUDA Complex Phase-1, Baddi - HPPCB","02-12-2025 22:00:00",30.943887,76.801991,PM10,92,244,136
India,Jharkhand,Dhanbad,"Sardar Patel Nagar, Dhanbad - JSPCB","02-12-2025 22:00:00",23.80569,86.44268,PM2.5,53,353,154
India,Jharkhand,Dhanbad,"Sardar Patel Nagar, Dhanbad - JSPCB","02-12-2025 22:00:00",23.80569,86.44268,CO,2,66,11
India,Jharkhand,Jorapokhar,"Tata Stadium, Jorapokhar - JSPCB","02-12-2025 22:00:00",23.707909,86.414670,PM10,NA,NA,NA
India,Karnataka,Bagalkot,"Vidayagiri, Bagalkot - KSPCB","02-12-2025 22:00:00",16.172806,75.659694,NH3,1,2,1
India,Karnataka,Bagalkot,"Vidayagiri, Bagalkot - KSPCB","02-12-2025 22:00:00",16.172806,75.659694,SO2,7,7,7
India,Karnataka,Belgaum,"Ramteerth Nagar, Belgaum - KSPCB","02-12-2025 22:00:00",15.888653,74.541751,PM2.5,53,126,76
India,Karnataka,Belgaum,"Ramteerth Nagar, Belgaum - KSPCB","02-12-2025 22:00:00",15.888653,74.541751,SO2,23,24,24
India,Karnataka,Bengaluru,"BTM Layout, Bengaluru - CPCB","02-12-2025 22:00:00",12.9135218,77.5950804,CO,42,58,51
India,Karnataka,Bengaluru,"BWSSB Kadabesanahalli, Bengaluru - CPCB","02-12-2025 22:00:00",12.9352049,77.6814488,PM2.5,25,66,45
India,Karnataka,Bengaluru,"BWSSB Kadabesanahalli, Bengaluru - CPCB","02-12-2025 22:00:00",12.9352049,77.6814488,SO2,4,6,5
India,Karnataka,Bengaluru,"City Railway Station, Bengaluru - KSPCB","02-12-2025 22:00:00",12.9756843,77.5660749,PM10,87,88,88
India,Karnataka,Bengaluru,"City Railway Station, Bengaluru - KSPCB","02-12-2025 22:00:00",12.9756843,77.5660749,SO2,13,20,15
India,Karnataka,Bengaluru,"Hombegowda Nagar, Bengaluru - KSPCB","02-12-2025 22:00:00",12.938539,77.590100,OZONE,2,34,22
India,Karnataka,Bengaluru,"Jayanagar 5th Block, Bengaluru - KSPCB","02-12-2025 22:00:00",12.920984,77.584908,PM2.5,23,73,41
India,Karnataka,Bengaluru,"Jayanagar 5th Block, Bengaluru - KSPCB","02-12-2025 22:00:00",12.920984,77.584908,PM10,27,106,52
India,Karnataka,Bengaluru,"Jayanagar 5th Block, Bengaluru - KSPCB","02-12-2025 22:00:00",12.920984,77.584908,NH3,1,2,1
India,Karnataka,Bengaluru,"Jayanagar 5th Block, Bengaluru - KSPCB","02-12-2025 22:00:00",12.920984,77.584908,SO2,1,43,23
India,Karnataka,Bengaluru,"Jigani, Bengaluru - KSPCB","02-12-2025 22:00:00",12.7816279,77.6299145,PM2.5,37,39,37
India,Karnataka,Bengaluru,"Jigani, Bengaluru - KSPCB","02-12-2025 22:00:00",12.7816279,77.6299145,NO2,21,24,22
India,Karnataka,Bengaluru,"Jigani, Bengaluru - KSPCB","02-12-2025 22:00:00",12.7816279,77.6299145,SO2,18,25,19
India,Karnataka,Bengaluru,"Jigani, Bengaluru - KSPCB","02-12-2025 22:00:00",12.7816279,77.6299145,OZONE,22,24,23
India,Karnataka,Bengaluru,"Kasturi Nagar, Bengaluru - KSPCB","02-12-2025 22:00:00",13.003872,77.664217,NH3,2,3,2
India,Karnataka,Bengaluru,"Peenya, Bengaluru - CPCB","02-12-2025 22:00:00",13.0270199,77.494094,NH3,3,4,4
India,Karnataka,Bengaluru,"Peenya, Bengaluru - CPCB","02-12-2025 22:00:00",13.0270199,77.494094,CO,24,76,40
India,Karnataka,Bengaluru,"Sanegurava Halli, Bengaluru - KSPCB","02-12-2025 22:00:00",12.990328,77.5431385,PM10,51,52,51
India,Karnataka,Bengaluru,"Shivapura_Peenya, Bengaluru - KSPCB","02-12-2025 22:00:00",13.0246342,77.5080115,PM2.5,34,53,43
India,Karnataka,Bengaluru,"Shivapura_Peenya, Bengaluru - KSPCB","02-12-2025 22:00:00",13.0246342,77.5080115,SO2,9,14,12
India,Karnataka,Chikkamagaluru,"Kalyana Nagara, Chikkamagaluru - KSPCB","02-12-2025 22:00:00",13.328028,75.797056,PM2.5,9,26,15
India,Karnataka,Chikkamagaluru,"Kalyana Nagara, Chikkamagaluru - KSPCB","02-12-2025 22:00:00",13.328028,75.797056,CO,11,11,11
India,Karnataka,Davanagere,"Devaraj Urs Badavane, Davanagere - KSPCB","02-12-2025 22:00:00",14.475800,75.905200,PM2.5,13,221,50
India,Karnataka,Davanagere,"Devaraj Urs Badavane, Davanagere - KSPCB","02-12-2025 22:00:00",14.475800,75.905200,NH3,2,5,3
India,Karnataka,Dharwad,"Kalabhavan, Dharwad - KSPCB","02-12-2025 22:00:00",15.459706,75.008381,SO2,NA,NA,NA
India,Karnataka,Hubballi,"Lingaraj Nagar, Hubballi - KSPCB","02-12-2025 22:00:00",15.3714823,75.1160168,PM10,59,66,60
India,Karnataka,Hubballi,"Lingaraj Nagar, Hubballi - KSPCB","02-12-2025 22:00:00",15.3714823,75.1160168,OZONE,16,25,23
India,Karnataka,Kalaburagi,"Lal Bahadur Shastri Nagar, Kalaburagi - KSPCB","02-12-2025 22:00:00",17.321993,76.822628,PM10,19,61,49
India,Karnataka,Kalaburagi,"Lal Bahadur Shastri Nagar, Kalaburagi - KSPCB","02-12-2025 22:00:00",17.321993,76.822628,NH3,1,2,1
India,Karnataka,Kalaburagi,"Lal Bahadur Shastri Nagar, Kalaburagi - KSPCB","02-12-2025 22:00:00",17.321993,76.822628,CO,38,71,58
India,Karnataka,Kalaburagi,"Mahatma Basaveswar Colony, Kalaburgi - KSPCB","02-12-2025 22:00:00",17.336318,76.847397,PM10,37,87,50
India,Assam,Guwahati,"IITG, Guwahati - PCBA","02-12-2025 22:00:00",26.2028636,91.70046436,OZONE,1,38,17
India,Assam,Guwahati,"LGBI Airport, Guwahati - PCBA","02-12-2025 22:00:00",26.10887,91.589544,NO2,12,16,15
India,Assam,Guwahati,"LGBI Airport, Guwahati - PCBA","02-12-2025 22:00:00",26.10887,91.589544,NH3,5,5,5
India,Assam,Guwahati,"LGBI Airport, Guwahati - PCBA","02-12-2025 22:00:00",26.10887,91.589544,SO2,6,19,13
India,Assam,Guwahati,"Pan Bazaar, Guwahati - PCBA","02-12-2025 22:00:00",26.187500,91.744194,PM2.5,72,275,126
India,Assam,Guwahati,"Pan Bazaar, Guwahati - PCBA","02-12-2025 22:00:00",26.187500,91.744194,OZONE,17,18,18
India,Assam,Nagaon,"Christianpatty, Nagaon - PCBA","02-12-2025 22:00:00",26.349082,92.68449,SO2,6,13,12
India,Assam,Nalbari,"Bata Chowk, Nalbari - PCBA","02-12-2025 22:00:00",26.446912,91.439057,PM2.5,NA,NA,NA
India,Assam,Nalbari,"Bata Chowk, Nalbari - PCBA","02-12-2025 22:00:00",26.446912,91.439057,NH3,6,7,6
India,Assam,Nalbari,"Bata Chowk, Nalbari - PCBA","02-12-2025 22:00:00",26.446912,91.439057,OZONE,17,21,20
India,Assam,Silchar,"Tarapur, Silchar - PCBA","02-12-2025 22:00:00",24.82827,92.79525,CO,40,74,58
India,Assam,Sivasagar,"Girls College, Sivasagar - PCBA","02-12-2025 22:00:00",26.987634,94.636574,PM10,37,85,56
India,Assam,Sivasagar,"Girls College, Sivasagar - PCBA","02-12-2025 22:00:00",26.987634,94.636574,OZONE,4,95,58
India,Bihar,Araria,"Kharahiya Basti, Araria - BSPCB","02-12-2025 22:00:00",26.146529,87.454184,PM10,16,167,96
India,Bihar,Araria,"Kharahiya Basti, Araria - BSPCB","02-12-2025 22:00:00",26.146529,87.454184,NO2,2,61,14
India,Bihar,Araria,"Kharahiya Basti, Araria - BSPCB","02-12-2025 22:00:00",26.146529,87.454184,NH3,5,7,6
India,Bihar,Araria,"Kharahiya Basti, Araria - BSPCB","02-12-2025 22:00:00",26.146529,87.454184,SO2,20,64,27
India,Bihar,Arrah,"New DM Office, Arrah - BSPCB","02-12-2025 22:00:00",25.5626095,84.663264,PM2.5,NA,NA,NA
India,Bihar,"Bihar Sharif","D M Colony, Bihar Sharif - BSPCB","02-12-2025 22:00:00",25.204762,85.514960,CO,1,82,21
India,Bihar,Buxar,"Charitra Van, Buxar - BSPCB","02-12-2025 22:00:00",25.567520,83.966379,CO,8,27,25
India,Bihar,Chhapra,"Darshan Nagar, Chhapra - BSPCB","02-12-2025 22:00:00",25.7808257,84.7446768,PM2.5,25,63,44
India,Bihar,Chhapra,"Darshan Nagar, Chhapra - BSPCB","02-12-2025 22:00:00",25.7808257,84.7446768,NO2,2,4,3
India,Bihar,Gaya,"Collectorate, Gaya - BSPCB","02-12-2025 22:00:00",24.7955,84.9994,PM2.5,54,272,134
India,Bihar,Gaya,"Collectorate, Gaya - BSPCB","02-12-2025 22:00:00",24.7955,84.9994,CO,24,101,55
India,Bihar,Gaya,"Collectorate, Gaya - BSPCB","02-12-2025 22:00:00",24.7955,84.9994,OZONE,19,21,20
India,Andhra_Pradesh,Amaravati,"Secretariat, Amaravati - APPCB","02-12-2025 22:00:00",16.5150833,80.5181667,NO2,16,30,22
India,Andhra_Pradesh,Amaravati,"Secretariat, Amaravati - APPCB","02-12-2025 22:00:00",16.5150833,80.5181667,CO,18,40,32
India,Andhra_Pradesh,Chittoor,"Gangineni Cheruvu, Chittoor - APPCB","02-12-2025 22:00:00",13.204880,79.097889,PM10,30,73,48
India,Andhra_Pradesh,Chittoor,"Gangineni Cheruvu, Chittoor - APPCB","02-12-2025 22:00:00",13.204880,79.097889,NO2,22,23,22
India,Andhra_Pradesh,Kadapa,"Yerramukkapalli, Kadapa - APPCB","02-12-2025 22:00:00",14.465052,78.824187,CO,28,45,37
India,Andhra_Pradesh,Rajamahendravaram,"Anand Kala Kshetram, Rajamahendravaram - APPCB","02-12-2025 22:00:00",16.9872867,81.7363176,PM2.5,59,106,80
India,Andhra_Pradesh,Vijayawada,"Rajiv Nagar, Vijayawada - APPCB","02-12-2025 22:00:00",16.554731,80.649110,SO2,15,27,20
India,Andhra_Pradesh,Visakhapatnam,"GVM Corporation, Visakhapatnam - APPCB","02-12-2025 22:00:00",17.72,83.3,NH3,2,4,3
India,Arunachal_Pradesh,Naharlagun,"Naharlagun, Naharlagun - APSPCB","02-12-2025 22:00:00",27.103358,93.679645,PM10,56,275,121
India,Arunachal_Pradesh,Naharlagun,"Naharlagun, Naharlagun - APSPCB","02-12-2025 22:00:00",27.103358,93.679645,OZONE,5,6,5
India,Assam,Guwahati,"IITG, Guwahati - PCBA","02-12-2025 22:00:00",26.2028636,91.70046436,SO2,23,29,25
India,Andhra_Pradesh,Rajamahendravaram,"Anand Kala Kshetram, Rajamahendravaram - APPCB","02-12-2025 22:00:00",16.9872867,81.7363176,CO,22,40,35
India,Andhra_Pradesh,Rajamahendravaram,"Anand Kala Kshetram, Rajamahendravaram - APPCB","02-12-2025 22:00:00",16.9872867,81.7363176,OZONE,9,23,17
India,Andhra_Pradesh,Tirumala,"Toll Gate, Tirumala - APPCB","02-12-2025 22:00:00",13.67,79.35,NH3,1,1,1
India,Andhra_Pradesh,Tirupati,"Vaikuntapuram, Tirupati - APPCB","02-12-2025 22:00:00",13.615387,79.409230,CO,27,38,35
India,Andhra_Pradesh,Vijayawada,"HB Colony, Vijayawada - APPCB","02-12-2025 22:00:00",16.536107,80.594233,PM2.5,50,72,57
India,Bihar,Manguraha,"Forest Rest House, Manguraha - BSPCB","02-12-2025 22:00:00",27.308328,84.531742,NH3,1,2,1
India,Bihar,Motihari,"Gandak Colony, Motihari - BSPCB","02-12-2025 22:00:00",26.63086,84.90051,PM2.5,43,247,130
India,Bihar,Munger,"Town Hall, Munger - BSPCB","02-12-2025 22:00:00",25.376776,86.471523,PM10,67,163,105
India,Bihar,Muzaffarpur,"Buddha Colony, Muzaffarpur - BSPCB","02-12-2025 22:00:00",26.11442,85.39813,NH3,7,10,9
India,Bihar,Gaya,"Kareemganj, Gaya - BSPCB","02-12-2025 22:00:00",24.792403,84.992416,NH3,NA,NA,NA
India,Bihar,Gaya,"SFTI Kusdihra, Gaya - BSPCB","02-12-2025 22:00:00",24.762518,84.982348,PM2.5,27,55,45
India,Bihar,Hajipur,"Industrial Area, Hajipur - BSPCB","02-12-2025 22:00:00",25.697189,85.245900,PM10,66,165,109
India,Bihar,Katihar,"Mirchaibari, Katihar - BSPCB","02-12-2025 22:00:00",25.560083,87.553265,PM2.5,NA,NA,NA
India,Bihar,Katihar,"Mirchaibari, Katihar - BSPCB","02-12-2025 22:00:00",25.560083,87.553265,NH3,NA,NA,NA
India,Bihar,Begusarai,"Lohiyanagar, Begusarai - BSPCB","02-12-2025 22:00:00",25.42742023,86.13886079,OZONE,7,34,15
India,Bihar,Bettiah,"Kamalnath Nagar, Bettiah - BSPCB","02-12-2025 22:00:00",26.80365,84.51954,PM10,71,206,135
India,Bihar,Bettiah,"Kamalnath Nagar, Bettiah - BSPCB","02-12-2025 22:00:00",26.80365,84.51954,SO2,1,11,6
India,Bihar,Bhagalpur,"DM Office_Kachari Chowk, Bhagalpur - BSPCB","02-12-2025 22:00:00",25.251013,86.989001,NH3,1,1,1
India,Andhra_Pradesh,Vijayawada,"HB Colony, Vijayawada - APPCB","02-12-2025 22:00:00",16.536107,80.594233,OZONE,26,63,48
India,Andhra_Pradesh,Vijayawada,"Rajiv Gandhi Park, Vijayawada - APPCB","02-12-2025 22:00:00",16.509717,80.612222,PM2.5,65,101,79
India,Delhi,Delhi,"Alipur, Delhi - DPCC","02-12-2025 22:00:00",28.815329,77.153010,PM2.5,307,440,378
India,Delhi,Delhi,"Anand Vihar, Delhi - DPCC","02-12-2025 22:00:00",28.647622,77.3158090,NH3,12,19,15
India,Delhi,Delhi,"Anand Vihar, Delhi - DPCC","02-12-2025 22:00:00",28.647622,77.3158090,SO2,29,138,114
India,Delhi,Delhi,"Anand Vihar, Delhi - DPCC","02-12-2025 22:00:00",28.647622,77.3158090,OZONE,5,18,8
India,Delhi,Delhi,"Ashok Vihar, Delhi - DPCC","02-12-2025 22:00:00",28.695381,77.181665,PM2.5,340,471,422
India,Delhi,Delhi,"Aya Nagar, Delhi - IMD","02-12-2025 22:00:00",28.4706914,77.1099364,PM2.5,216,423,357
India,Delhi,Delhi,"Aya Nagar, Delhi - IMD","02-12-2025 22:00:00",28.4706914,77.1099364,PM10,179,482,387
India,Delhi,Delhi,"Bawana, Delhi - DPCC","02-12-2025 22:00:00",28.776200,77.051074,PM10,279,500,380
India,Delhi,Delhi,"Bawana, Delhi - DPCC","02-12-2025 22:00:00",28.776200,77.051074,NO2,25,107,65
India,Bihar,Patna,"Rajbansi Nagar, Patna - BSPCB","02-12-2025 22:00:00",25.599486,85.113666,NO2,16,134,66
India,Bihar,Patna,"Rajbansi Nagar, Patna - BSPCB","02-12-2025 22:00:00",25.599486,85.113666,NH3,2,9,7
India,Bihar,Patna,"Samanpura, Patna - BSPCB","02-12-2025 22:00:00",25.596727,85.085624,OZONE,20,26,23
India,Bihar,Purnia,"Mariam Nagar, Purnia - BSPCB","02-12-2025 22:00:00",25.366336,87.117468,OZONE,20,55,39
India,Bihar,Rajgir,"Dangi Tola, Rajgir - BSPCB","02-12-2025 22:00:00",25.03280,85.41948,PM10,45,131,73
India,Bihar,Rajgir,"Dangi Tola, Rajgir - BSPCB","02-12-2025 22:00:00",25.03280,85.41948,NO2,8,10,9
India,Bihar,Rajgir,"Dangi Tola, Rajgir - BSPCB","02-12-2025 22:00:00",25.03280,85.41948,SO2,18,24,21
India,Bihar,Saharsa,"Police Line, Saharsa - BSPCB","02-12-2025 22:00:00",25.892357,86.590325,PM2.5,50,240,101
India,Chhattisgarh,Bhilai,"Civic Center, Bhilai - Bhilai Steel Plant","02-12-2025 22:00:00",21.185571,81.343175,CO,21,22,22
India,Chhattisgarh,Bhilai,"Civic Center, Bhilai - Bhilai Steel Plant","02-12-2025 22:00:00",21.185571,81.343175,OZONE,8,16,10
India,Chhattisgarh,Bilaspur,"Mangala, Bilaspur - NTPC","02-12-2025 22:00:00",22.08815,82.13737,PM10,82,195,109
India,Chhattisgarh,Bilaspur,"Mangala, Bilaspur - NTPC","02-12-2025 22:00:00",22.08815,82.13737,SO2,10,30,17
India,Chhattisgarh,Chhal,"Nawapara SECL Colony, Chhal - CECB","02-12-2025 22:00:00",22.118125,83.140608,PM10,53,149,84
India,Chhattisgarh,Korba,"Rampur, Korba - CECB","02-12-2025 22:00:00",22.368195,82.746431,PM2.5,48,87,51
India,Chhattisgarh,Korba,"Rampur, Korba - CECB","02-12-2025 22:00:00",22.368195,82.746431,NO2,11,20,15
India,Chhattisgarh,Raipur,"Bhatagaon New ISBT, Raipur - CECB","02-12-2025 22:00:00",21.219665,81.630094,OZONE,3,17,7
India,Chhattisgarh,Raipur,"Siltara Phase-II, Raipur - CECB","02-12-2025 22:00:00",21.371751,81.664929,PM10,33,164,100
India,Chhattisgarh,Raipur,"Siltara Phase-II, Raipur - CECB","02-12-2025 22:00:00",21.371751,81.664929,NO2,8,65,22
India,Chhattisgarh,Raipur,"Siltara Phase-II, Raipur - CECB","02-12-2025 22:00:00",21.371751,81.664929,NH3,3,3,3
India,Chhattisgarh,Tumidih,"OP Jindal Industrial Park, Tumidih - CECB","02-12-2025 22:00:00",22.06631475,83.33820077,PM2.5,NA,NA,NA
India,Chhattisgarh,Tumidih,"OP Jindal Industrial Park, Tumidih - CECB","02-12-2025 22:00:00",22.06631475,83.33820077,PM10,NA,NA,NA
India,Chhattisgarh,Tumidih,"OP Jindal Industrial Park, Tumidih - CECB","02-12-2025 22:00:00",22.06631475,83.33820077,NO2,NA,NA,NA
India,Chhattisgarh,Tumidih,"OP Jindal Industrial Park, Tumidih - CECB","02-12-2025 22:00:00",22.06631475,83.33820077,SO2,NA,NA,NA
India,Delhi,Delhi,"Bawana, Delhi - DPCC","02-12-2025 22:00:00",28.776200,77.051074,SO2,9,42,22
India,Delhi,Delhi,"Burari Crossing, Delhi - IMD","02-12-2025 22:00:00",28.7256504,77.2011573,PM2.5,321,500,409
India,Delhi,Delhi,"CRRI Mathura Road, Delhi - IMD","02-12-2025 22:00:00",28.5512005,77.2735737,PM10,NA,NA,NA
India,Delhi,Delhi,"Chandni Chowk, Delhi - IITM","02-12-2025 22:00:00",28.656756,77.227234,PM2.5,347,500,418
India,Delhi,Delhi,"DTU, Delhi - CPCB","02-12-2025 22:00:00",28.7500499,77.1112615,OZONE,13,41,28
India,Chandigarh,Chandigarh,"Sector-25, Chandigarh - CPCC","02-12-2025 22:00:00",30.751462,76.762879,NO2,19,66,33
India,Chandigarh,Chandigarh,"Sector-25, Chandigarh - CPCC","02-12-2025 22:00:00",30.751462,76.762879,NH3,3,5,3
India,Chandigarh,Chandigarh,"Sector-53, Chandigarh - CPCC","02-12-2025 22:00:00",30.719859,76.738637,PM2.5,50,322,115
India,Chhattisgarh,Bhilai,"32Bungalows, Bhilai - CECB","02-12-2025 22:00:00",21.194815,81.314770,NO2,17,93,50
India,Chhattisgarh,Bhilai,"32Bungalows, Bhilai - CECB","02-12-2025 22:00:00",21.194815,81.314770,NH3,1,4,3
India,Bihar,Muzaffarpur,"MIT-Daudpur Kothi, Muzaffarpur - BSPCB","02-12-2025 22:00:00",26.1403345,85.3650192,SO2,11,16,14
India,Bihar,Patna,"Govt. High School Shikarpur, Patna - BSPCB","02-12-2025 22:00:00",25.592539,85.227158,PM2.5,57,76,67
India,Bihar,Patna,"Govt. High School Shikarpur, Patna - BSPCB","02-12-2025 22:00:00",25.592539,85.227158,CO,33,119,68
India,Bihar,Patna,"IGSC Planetarium Complex, Patna - BSPCB","02-12-2025 22:00:00",25.610369,85.132568,PM2.5,35,262,97
India,Chhattisgarh,Korba,"Urja Nagar, Korba - CECB","02-12-2025 22:00:00",22.348441,82.549611,CO,22,62,24
India,Chhattisgarh,Milupara,"Govt. Higher Secondary School, Milupara - CECB","02-12-2025 22:00:00",22.1910172,83.5197009,PM10,63,159,100
India,Chhattisgarh,Milupara,"Govt. Higher Secondary School, Milupara - CECB","02-12-2025 22:00:00",22.1910172,83.5197009,NH3,NA,NA,NA
India,Chhattisgarh,Milupara,"Govt. Higher Secondary School, Milupara - CECB","02-12-2025 22:00:00",22.1910172,83.5197009,OZONE,7,147,79
India,Bihar,Samastipur,"DM Office_Kasipur, Samastipur - BSPCB","02-12-2025 22:00:00",25.859655,85.77944,CO,23,114,73
India,Bihar,Sasaram,"Dada Peer, Sasaram - BSPCB","02-12-2025 22:00:00",24.952822,84.002396,PM2.5,31,116,56
India,Bihar,Sasaram,"Dada Peer, Sasaram - BSPCB","02-12-2025 22:00:00",24.952822,84.002396,SO2,4,6,5
India,Delhi,Delhi,"Najafgarh, Delhi - DPCC","02-12-2025 22:00:00",28.570173,76.933762,NH3,9,12,10
India,Delhi,Delhi,"Najafgarh, Delhi - DPCC","02-12-2025 22:00:00",28.570173,76.933762,CO,56,130,72
India,Delhi,Delhi,"Narela, Delhi - DPCC","02-12-2025 22:00:00",28.822836,77.101981,NO2,26,110,67
India,Delhi,Delhi,"Nehru Nagar, Delhi - DPCC","02-12-2025 22:00:00",28.567890,77.250515,PM2.5,383,500,448
India,Delhi,Delhi,"Nehru Nagar, Delhi - DPCC","02-12-2025 22:00:00",28.567890,77.250515,NO2,70,143,96
India,Delhi,Delhi,"Nehru Nagar, Delhi - DPCC","02-12-2025 22:00:00",28.567890,77.250515,NH3,14,32,23
India,Delhi,Delhi,"Nehru Nagar, Delhi - DPCC","02-12-2025 22:00:00",28.567890,77.250515,CO,126,164,151
India,Delhi,Delhi,"Nehru Nagar, Delhi - DPCC","02-12-2025 22:00:00",28.567890,77.250515,OZONE,2,271,122
India,Delhi,Delhi,"North Campus, DU, Delhi - IMD","02-12-2025 22:00:00",28.6573814,77.1585447,PM2.5,310,479,399
India,Gujarat,Ahmedabad,"Chandkheda, Ahmedabad - IITM","02-12-2025 22:00:00",23.107969,72.574648,SO2,3,17,11
India,Gujarat,Ahmedabad,"Gyaspur, Ahmedabad - IITM","02-12-2025 22:00:00",22.977134,72.553024,SO2,7,85,30
India,Gujarat,Ahmedabad,"Maninagar, Ahmedabad - GPCB","02-12-2025 22:00:00",23.002657,72.591912,OZONE,35,89,76
India,Gujarat,Ahmedabad,"Raikhad, Ahmedabad - IITM","02-12-2025 22:00:00",23.020509,72.579261,PM10,109,188,155
India,Gujarat,Ahmedabad,"Raikhad, Ahmedabad - IITM","02-12-2025 22:00:00",23.020509,72.579261,NO2,NA,NA,NA
India,Gujarat,Ahmedabad,"Raikhad, Ahmedabad - IITM","02-12-2025 22:00:00",23.020509,72.579261,SO2,4,18,7
India,Gujarat,Ahmedabad,"Rakhial, Ahmedabad - IITM","02-12-2025 22:00:00",23.016834,72.625775,NH3,3,12,7
India,Gujarat,Ahmedabad,"Rakhial, Ahmedabad - IITM","02-12-2025 22:00:00",23.016834,72.625775,OZONE,1,68,42
India,Delhi,Delhi,"R K Puram, Delhi - DPCC","02-12-2025 22:00:00",28.563262,77.186937,PM2.5,267,500,426
India,Delhi,Delhi,"R K Puram, Delhi - DPCC","02-12-2025 22:00:00",28.563262,77.186937,NO2,30,157,84
India,Delhi,Delhi,"R K Puram, Delhi - DPCC","02-12-2025 22:00:00",28.563262,77.186937,OZONE,3,62,20
India,Delhi,Delhi,"Rohini, Delhi - DPCC","02-12-2025 22:00:00",28.732528,77.119920,PM10,250,500,408
India,Delhi,Delhi,"Rohini, Delhi - DPCC","02-12-2025 22:00:00",28.732528,77.119920,OZONE,4,242,114
India,Delhi,Delhi,"Shadipur, Delhi - CPCB","02-12-2025 22:00:00",28.6514781,77.1473105,NO2,67,132,93
India,Delhi,Delhi,"Shadipur, Delhi - CPCB","02-12-2025 22:00:00",28.6514781,77.1473105,SO2,15,22,19
India,Delhi,Delhi,"Sonia Vihar, Delhi - DPCC","02-12-2025 22:00:00",28.710508,77.249485,PM2.5,324,500,411
India,Delhi,Delhi,"ITO, Delhi - CPCB","02-12-2025 22:00:00",28.628624,77.241060,PM10,213,417,325
India,Delhi,Delhi,"Jahangirpuri, Delhi - DPCC","02-12-2025 22:00:00",28.732820,77.170633,PM10,215,500,389
India,Delhi,Delhi,"Jahangirpuri, Delhi - DPCC","02-12-2025 22:00:00",28.732820,77.170633,NO2,121,175,146
India,Delhi,Delhi,"Jawaharlal Nehru Stadium, Delhi - DPCC","02-12-2025 22:00:00",28.580280,77.233829,PM2.5,361,432,397
India,Delhi,Delhi,"Lodhi Road, Delhi - IMD","02-12-2025 22:00:00",28.5918245,77.2273074,OZONE,5,135,74
India,Delhi,Delhi,"Patparganj, Delhi - DPCC","02-12-2025 22:00:00",28.623763,77.287209,NH3,12,16,14
India,Delhi,Delhi,"Punjabi Bagh, Delhi - DPCC","02-12-2025 22:00:00",28.674045,77.131023,PM2.5,335,466,411
India,Delhi,Delhi,"Punjabi Bagh, Delhi - DPCC","02-12-2025 22:00:00",28.674045,77.131023,OZONE,5,184,86
India,Delhi,Delhi,"Pusa, Delhi - DPCC","02-12-2025 22:00:00",28.639652,77.146275,NO2,65,233,140
India,Delhi,Delhi,"Pusa, Delhi - IMD","02-12-2025 22:00:00",28.636110,77.173332,OZONE,24,91,54
India,Delhi,Delhi,"Dwarka-Sector 8, Delhi - DPCC ","02-12-2025 22:00:00",28.5710274,77.0719006,CO,63,161,161
India,Delhi,Delhi,"IHBAS, Dilshad Garden, Delhi - CPCB","02-12-2025 22:00:00",28.6811736,77.3025234,PM2.5,129,500,291
India,Delhi,Delhi,"IIT Delhi, Delhi - IITM","02-12-2025 22:00:00",28.542460,77.191651,CO,37,118,70
India,Delhi,Delhi,"Mandir Marg, Delhi - DPCC","02-12-2025 22:00:00",28.636429,77.201067,PM2.5,207,413,332
India,Delhi,Delhi,"Mundka, Delhi - DPCC","02-12-2025 22:00:00",28.684678,77.076574,OZONE,2,93,50
India,Delhi,Delhi,"NSIT Dwarka, Delhi - CPCB","02-12-2025 22:00:00",28.60909,77.0325413,NH3,8,17,13
India,Gujarat,Ahmedabad,"SAC ISRO Satellite, Ahmedabad - IITM","02-12-2025 22:00:00",23.023389,72.515201,PM2.5,52,173,92
India,Gujarat,Ahmedabad,"SAC ISRO Satellite, Ahmedabad - IITM","02-12-2025 22:00:00",23.023389,72.515201,PM10,70,143,101
India,Gujarat,Ankleshwar,"GIDC, Ankleshwar - GPCB","02-12-2025 22:00:00",21.613267,73.010555,NH3,5,8,6
India,Delhi,Delhi,"Vivek Vihar, Delhi - DPCC","02-12-2025 22:00:00",28.672342,77.315260,NO2,78,150,108
India,Delhi,Delhi,"Vivek Vihar, Delhi - DPCC","02-12-2025 22:00:00",28.672342,77.315260,OZONE,4,224,94
India,Gujarat,Ahmedabad,"Chandkheda, Ahmedabad - IITM","02-12-2025 22:00:00",23.107969,72.574648,PM10,71,286,137
India,Gujarat,Vatva,"Phase-4 GIDC, Vatva - GPCB","02-12-2025 22:00:00",22.969611,72.643500,NH3,6,11,9
India,Gujarat,Vatva,"Phase-4 GIDC, Vatva - GPCB","02-12-2025 22:00:00",22.969611,72.643500,SO2,18,44,32
India,Gujarat,Vatva,"Phase-4 GIDC, Vatva - GPCB","02-12-2025 22:00:00",22.969611,72.643500,OZONE,20,46,37
India,Haryana,Ambala,"Patti Mehar, Ambala - HSPCB","02-12-2025 22:00:00",30.379589,76.778328,PM10,99,124,103
India,Haryana,Ambala,"Patti Mehar, Ambala - HSPCB","02-12-2025 22:00:00",30.379589,76.778328,CO,97,101,99
India,Haryana,Ambala,"Patti Mehar, Ambala - HSPCB","02-12-2025 22:00:00",30.379589,76.778328,OZONE,48,52,50
India,Haryana,Bahadurgarh,"Arya Nagar, Bahadurgarh - HSPCB","02-12-2025 22:00:00",28.6701,76.9254,PM2.5,100,393,316
India,Haryana,Bahadurgarh,"Arya Nagar, Bahadurgarh - HSPCB","02-12-2025 22:00:00",28.6701,76.9254,SO2,7,7,7
India,Haryana,Ballabgarh,"Nathu Colony, Ballabgarh - HSPCB","02-12-2025 22:00:00",28.3419248,77.319699,PM10,150,151,150
India,Haryana,Bhiwani,"H.B. Colony, Bhiwani - HSPCB","02-12-2025 22:00:00",28.806223,76.141105,NO2,1,35,31
India,Haryana,Bhiwani,"H.B. Colony, Bhiwani - HSPCB","02-12-2025 22:00:00",28.806223,76.141105,SO2,12,13,12
India,Haryana,"Charkhi Dadri","Mini Secretariat, Charkhi Dadri - HSPCB","02-12-2025 22:00:00",28.593883,76.270653,NO2,9,22,15
India,Haryana,"Charkhi Dadri","Mini Secretariat, Charkhi Dadri - HSPCB","02-12-2025 22:00:00",28.593883,76.270653,NH3,5,8,6
India,Haryana,"Charkhi Dadri","Mini Secretariat, Charkhi Dadri - HSPCB","02-12-2025 22:00:00",28.593883,76.270653,OZONE,14,17,15
India,Haryana,Dharuhera,"Municipal Corporation Office, Dharuhera -  HSPCB","02-12-2025 22:00:00",28.206800,76.799700,SO2,10,23,15
India,Haryana,Faridabad,"New Industrial Town, Faridabad - HSPCB","02-12-2025 22:00:00",28.39072,77.30059,PM2.5,222,239,229
India,Haryana,Faridabad,"New Industrial Town, Faridabad - HSPCB","02-12-2025 22:00:00",28.39072,77.30059,NH3,11,12,11
India,Haryana,Panchgaon,"Amity University, Panchgaon - IITM","02-12-2025 22:00:00",28.3153,76.9143,OZONE,6,72,47
India,Haryana,Panipat,"Sector-18, Panipat - HSPCB","02-12-2025 22:00:00",29.432304,76.972765,NO2,31,32,31
India,Haryana,Sirsa,"F-Block, Sirsa - HSPCB","02-12-2025 22:00:00",29.536400,75.015800,PM2.5,53,123,80
India,Haryana,Sirsa,"F-Block, Sirsa - HSPCB","02-12-2025 22:00:00",29.536400,75.015800,NH3,11,17,13
India,Haryana,Sonipat,"Murthal, Sonipat - HSPCB","02-12-2025 22:00:00",29.027200,77.062100,OZONE,25,26,26
India,Haryana,"Yamuna Nagar","Gobind Pura, Yamuna Nagar - HSPCB","02-12-2025 22:00:00",30.1480566,77.2893471,NH3,1,6,4
India,Haryana,Manesar,"Sector-2 IMT, Manesar - HSPCB","02-12-2025 22:00:00",28.360699,76.936090,PM2.5,269,431,346
India,Haryana,Narnaul,"Shastri Nagar, Narnaul - HSPCB","02-12-2025 22:00:00",28.060249,76.113115,PM10,113,164,140
India,Haryana,Narnaul,"Shastri Nagar, Narnaul - HSPCB","02-12-2025 22:00:00",28.060249,76.113115,NO2,48,110,82
India,Haryana,Narnaul,"Shastri Nagar, Narnaul - HSPCB","02-12-2025 22:00:00",28.060249,76.113115,SO2,6,7,6
India,Haryana,Palwal,"Shyam Nagar, Palwal - HSPCB","02-12-2025 22:00:00",28.1485564,77.3320667,NO2,23,24,24
India,Haryana,Palwal,"Shyam Nagar, Palwal - HSPCB","02-12-2025 22:00:00",28.1485564,77.3320667,OZONE,23,25,24
India,Gujarat,Gandhinagar,"IIPHG Lekawada, Gandhinagar - IITM","02-12-2025 22:00:00",23.243639,72.68994,NH3,2,3,2
India,Gujarat,Gandhinagar,"Sector-10, Gandhinagar - GPCB","02-12-2025 22:00:00",23.221714,72.654328,PM10,46,168,86
India,Gujarat,Gandhinagar,"Sector-10, Gandhinagar - GPCB","02-12-2025 22:00:00",23.221714,72.654328,NH3,2,3,2
India,Gujarat,Gandhinagar,"Sector-10, Gandhinagar - GPCB","02-12-2025 22:00:00",23.221714,72.654328,CO,28,52,37
India,Gujarat,Gandhinagar,"Sector-10, Gandhinagar - GPCB","02-12-2025 22:00:00",23.221714,72.654328,OZONE,5,62,36
India,Gujarat,Vapi,"Phase-1 GIDC, Vapi - GPCB","02-12-2025 22:00:00",20.362421,72.918013,NH3,2,5,3
India,Haryana,Karnal,"Sector-12, Karnal - HSPCB","02-12-2025 22:00:00",29.695300,77.002700,PM2.5,181,317,271
India,Haryana,Karnal,"Sector-12, Karnal - HSPCB","02-12-2025 22:00:00",29.695300,77.002700,PM10,118,175,148
India,Haryana,Karnal,"Sector-12, Karnal - HSPCB","02-12-2025 22:00:00",29.695300,77.002700,SO2,30,84,47
India,Haryana,Kurukshetra,"Sector-7, Kurukshetra - HSPCB","02-12-2025 22:00:00",29.966942,76.875879,PM2.5,NA,NA,NA
India,Haryana,Mandikhera,"General Hospital, Mandikhera(Nuh) - HSPCB","02-12-2025 22:00:00",27.9002,76.9938,PM2.5,NA,NA,NA
India,"Himachal Pradesh",Baddi,"HIMUDA Complex Phase-1, Baddi - HPPCB","02-12-2025 22:00:00",30.943887,76.801991,NH3,6,12,7
India,Jharkhand,Dhanbad,"Sardar Patel Nagar, Dhanbad - JSPCB","02-12-2025 22:00:00",23.80569,86.44268,NO2,91,149,97
India,Jharkhand,Dhanbad,"Sardar Patel Nagar, Dhanbad - JSPCB","02-12-2025 22:00:00",23.80569,86.44268,SO2,21,136,55
India,Karnataka,Bagalkot,"Vidayagiri, Bagalkot - KSPCB","02-12-2025 22:00:00",16.172806,75.659694,NO2,11,12,12
India,Haryana,Faridabad,"Sector 30, Faridabad - HSPCB","02-12-2025 22:00:00",28.4417,77.3217,SO2,6,7,6
India,Haryana,Fatehabad,"Huda Sector, Fatehabad - HSPCB","02-12-2025 22:00:00",29.503664,75.467934,PM2.5,86,228,159
India,Haryana,Fatehabad,"Huda Sector, Fatehabad - HSPCB","02-12-2025 22:00:00",29.503664,75.467934,NO2,18,20,19
India,Haryana,Fatehabad,"Huda Sector, Fatehabad - HSPCB","02-12-2025 22:00:00",29.503664,75.467934,SO2,2,61,28
India,Haryana,Gurugram,"Sector-51, Gurugram - HSPCB","02-12-2025 22:00:00",28.4227,77.0667,NO2,2,5,3
India,Haryana,Hisar,"Urban Estate-II, Hisar - HSPCB","02-12-2025 22:00:00",29.140560,75.744941,CO,55,124,78
India,Haryana,Hisar,"Urban Estate-II, Hisar - HSPCB","02-12-2025 22:00:00",29.140560,75.744941,OZONE,44,120,85
India,Haryana,Jind,"Police Lines, Jind - HSPCB","02-12-2025 22:00:00",29.307814,76.337619,PM2.5,156,299,220
India,Karnataka,Bengaluru,"Hombegowda Nagar, Bengaluru - KSPCB","02-12-2025 22:00:00",12.938539,77.590100,PM2.5,10,59,23
India,Karnataka,Bengaluru,"Hombegowda Nagar, Bengaluru - KSPCB","02-12-2025 22:00:00",12.938539,77.590100,NH3,2,3,2
India,Karnataka,Bengaluru,"Jigani, Bengaluru - KSPCB","02-12-2025 22:00:00",12.7816279,77.6299145,PM10,62,68,63
India,Karnataka,Bengaluru,"Jigani, Bengaluru - KSPCB","02-12-2025 22:00:00",12.7816279,77.6299145,CO,32,43,38
India,Karnataka,Bengaluru,"Kasturi Nagar, Bengaluru - KSPCB","02-12-2025 22:00:00",13.003872,77.664217,NO2,29,30,30
India,Karnataka,Bengaluru,"Peenya, Bengaluru - CPCB","02-12-2025 22:00:00",13.0270199,77.494094,SO2,5,19,10
India,Karnataka,Bengaluru,"RVCE-Mailasandra, Bengaluru - KSPCB","02-12-2025 22:00:00",12.921418,77.502466,PM2.5,49,54,51
India,Karnataka,Bengaluru,"RVCE-Mailasandra, Bengaluru - KSPCB","02-12-2025 22:00:00",12.921418,77.502466,OZONE,16,17,16
India,Karnataka,Bengaluru,"Shivapura_Peenya, Bengaluru - KSPCB","02-12-2025 22:00:00",13.0246342,77.5080115,OZONE,19,20,20
India,Karnataka,Bengaluru,"Silk Board, Bengaluru - KSPCB","02-12-2025 22:00:00",12.917348,77.622813,OZONE,19,21,20
India,Karnataka,Chamarajanagar,"Urban, Chamarajanagar - KSPCB","02-12-2025 22:00:00",11.55358,76.55521,PM2.5,19,48,30
India,Karnataka,Chamarajanagar,"Urban, Chamarajanagar - KSPCB","02-12-2025 22:00:00",11.55358,76.55521,CO,17,120,23
India,Karnataka,Chamarajanagar,"Urban, Chamarajanagar - KSPCB","02-12-2025 22:00:00",11.55358,76.55521,OZONE,15,49,34
India,Karnataka,Chikkamagaluru,"Kalyana Nagara, Chikkamagaluru - KSPCB","02-12-2025 22:00:00",13.328028,75.797056,PM10,29,36,31
India,Karnataka,Hubballi,"Lingaraj Nagar, Hubballi - KSPCB","02-12-2025 22:00:00",15.3714823,75.1160168,PM2.5,40,46,41
India,Karnataka,Kalaburagi,"Lal Bahadur Shastri Nagar, Kalaburagi - KSPCB","02-12-2025 22:00:00",17.321993,76.822628,SO2,73,102,77
India,Arunachal_Pradesh,Naharlagun,"Naharlagun, Naharlagun - APSPCB","02-12-2025 22:00:00",27.103358,93.679645,PM2.5,46,334,141
India,Assam,Byrnihat,"Central Academy for SFS, Byrnihat - PCBA","02-12-2025 22:00:00",26.071318,91.87488,NO2,5,8,7
India,Assam,Byrnihat,"Central Academy for SFS, Byrnihat - PCBA","02-12-2025 22:00:00",26.071318,91.87488,SO2,5,7,6
India,Assam,Byrnihat,"Central Academy for SFS, Byrnihat - PCBA","02-12-2025 22:00:00",26.071318,91.87488,CO,38,60,52
India,Assam,Guwahati,"IITG, Guwahati - PCBA","02-12-2025 22:00:00",26.2028636,91.70046436,PM10,83,237,138
India,Assam,Guwahati,"IITG, Guwahati - PCBA","02-12-2025 22:00:00",26.2028636,91.70046436,NO2,2,11,5
India,Assam,Guwahati,"IITG, Guwahati - PCBA","02-12-2025 22:00:00",26.2028636,91.70046436,NH3,5,5,5
India,Assam,Guwahati,"LGBI Airport, Guwahati - PCBA","02-12-2025 22:00:00",26.10887,91.589544,OZONE,10,14,13
India,Bihar,Motihari,"Gandak Colony, Motihari - BSPCB","02-12-2025 22:00:00",26.63086,84.90051,NO2,9,12,11
India,Bihar,Motihari,"Gandak Colony, Motihari - BSPCB","02-12-2025 22:00:00",26.63086,84.90051,NH3,3,3,3
India,Bihar,Munger,"Town Hall, Munger - BSPCB","02-12-2025 22:00:00",25.376776,86.471523,PM2.5,65,283,127
India,Bihar,Munger,"Town Hall, Munger - BSPCB","02-12-2025 22:00:00",25.376776,86.471523,NO2,4,5,5
India,Bihar,Muzaffarpur,"MIT-Daudpur Kothi, Muzaffarpur - BSPCB","02-12-2025 22:00:00",26.1403345,85.3650192,OZONE,47,73,57
India,Bihar,Muzaffarpur,"Muzaffarpur Collectorate, Muzaffarpur - BSPCB","02-12-2025 22:00:00",26.1209,85.3647,PM2.5,78,140,116
India,Bihar,Muzaffarpur,"Muzaffarpur Collectorate, Muzaffarpur - BSPCB","02-12-2025 22:00:00",26.1209,85.3647,CO,16,44,37
India,Bihar,Araria,"Kharahiya Basti, Araria - BSPCB","02-12-2025 22:00:00",26.146529,87.454184,PM2.5,25,314,154
India,Bihar,Araria,"Kharahiya Basti, Araria - BSPCB","02-12-2025 22:00:00",26.146529,87.454184,OZONE,10,11,10
India,Bihar,Arrah,"New DM Office, Arrah - BSPCB","02-12-2025 22:00:00",25.5626095,84.663264,NO2,NA,NA,NA
India,Bihar,Aurangabad,"Gurdeo Nagar, Aurangabad - BSPCB","02-12-2025 22:00:00",24.75746,84.366208,NO2,7,8,8
India,Bihar,Aurangabad,"Gurdeo Nagar, Aurangabad - BSPCB","02-12-2025 22:00:00",24.75746,84.366208,SO2,8,16,12
India,Bihar,Begusarai,"Lohiyanagar, Begusarai - BSPCB","02-12-2025 22:00:00",25.42742023,86.13886079,NO2,17,23,20
India,Bihar,Begusarai,"Lohiyanagar, Begusarai - BSPCB","02-12-2025 22:00:00",25.42742023,86.13886079,SO2,4,22,7
India,Andhra_Pradesh,Chittoor,"Gangineni Cheruvu, Chittoor - APPCB","02-12-2025 22:00:00",13.204880,79.097889,PM2.5,30,75,49
India,Andhra_Pradesh,Kadapa,"Yerramukkapalli, Kadapa - APPCB","02-12-2025 22:00:00",14.465052,78.824187,PM2.5,60,85,70
India,Andhra_Pradesh,Kadapa,"Yerramukkapalli, Kadapa - APPCB","02-12-2025 22:00:00",14.465052,78.824187,PM10,60,87,71
India,Andhra_Pradesh,Kadapa,"Yerramukkapalli, Kadapa - APPCB","02-12-2025 22:00:00",14.465052,78.824187,SO2,12,18,14
India,Andhra_Pradesh,Rajamahendravaram,"Anand Kala Kshetram, Rajamahendravaram - APPCB","02-12-2025 22:00:00",16.9872867,81.7363176,NH3,2,4,3
India,Andhra_Pradesh,Tirupati,"Vaikuntapuram, Tirupati - APPCB","02-12-2025 22:00:00",13.615387,79.409230,PM10,48,55,52
India,Bihar,Gaya,"SFTI Kusdihra, Gaya - BSPCB","02-12-2025 22:00:00",24.762518,84.982348,OZONE,10,54,41
India,Bihar,Hajipur,"Industrial Area, Hajipur - BSPCB","02-12-2025 22:00:00",25.697189,85.245900,SO2,4,10,6
India,Bihar,Katihar,"Mirchaibari, Katihar - BSPCB","02-12-2025 22:00:00",25.560083,87.553265,PM10,NA,NA,NA
India,Bihar,Katihar,"Mirchaibari, Katihar - BSPCB","02-12-2025 22:00:00",25.560083,87.553265,NO2,NA,NA,NA
India,Bihar,Kishanganj,"SDM Office_Khagra, Kishanganj - BSPCB","02-12-2025 22:00:00",26.0881305,87.93840336,PM2.5,40,50,44
India,Bihar,Kishanganj,"SDM Office_Khagra, Kishanganj - BSPCB","02-12-2025 22:00:00",26.0881305,87.93840336,SO2,5,8,7
India,Assam,Nagaon,"Christianpatty, Nagaon - PCBA","02-12-2025 22:00:00",26.349082,92.68449,PM10,55,58,57
India,Assam,Silchar,"Tarapur, Silchar - PCBA","02-12-2025 22:00:00",24.82827,92.79525,PM2.5,33,84,54
India,Assam,Silchar,"Tarapur, Silchar - PCBA","02-12-2025 22:00:00",24.82827,92.79525,NO2,18,31,21
India,Assam,Sivasagar,"Girls College, Sivasagar - PCBA","02-12-2025 22:00:00",26.987634,94.636574,PM2.5,36,81,58
India,Assam,Sivasagar,"Girls College, Sivasagar - PCBA","02-12-2025 22:00:00",26.987634,94.636574,CO,14,79,29
India,"Andaman and Nicobar","Sri Vijaya Puram","Police Line, Sri Vijaya Puram - ANPCC","02-12-2025 22:00:00",11.654054,92.734055,PM2.5,NA,NA,NA
India,"Andaman and Nicobar","Sri Vijaya Puram","Police Line, Sri Vijaya Puram - ANPCC","02-12-2025 22:00:00",11.654054,92.734055,CO,NA,NA,NA
India,Andhra_Pradesh,Anantapur,"Gulzarpet, Anantapur - APPCB","02-12-2025 22:00:00",14.675886,77.593027,NO2,12,20,18
India,Andhra_Pradesh,Anantapur,"Gulzarpet, Anantapur - APPCB","02-12-2025 22:00:00",14.675886,77.593027,NH3,4,5,5
India,Andhra_Pradesh,Vijayawada,"Rajiv Gandhi Park, Vijayawada - APPCB","02-12-2025 22:00:00",16.509717,80.612222,SO2,13,17,14
India,Andhra_Pradesh,Vijayawada,"Rajiv Gandhi Park, Vijayawada - APPCB","02-12-2025 22:00:00",16.509717,80.612222,CO,26,36,27
India,Andhra_Pradesh,Visakhapatnam,"GVM Corporation, Visakhapatnam - APPCB","02-12-2025 22:00:00",17.72,83.3,NO2,1,61,32
India,Bihar,Bhagalpur,"DM Office_Kachari Chowk, Bhagalpur - BSPCB","02-12-2025 22:00:00",25.251013,86.989001,PM10,47,183,105
India,Bihar,"Bihar Sharif","D M Colony, Bihar Sharif - BSPCB","02-12-2025 22:00:00",25.204762,85.514960,NO2,9,10,9
India,Bihar,Gaya,"Collectorate, Gaya - BSPCB","02-12-2025 22:00:00",24.7955,84.9994,NO2,9,9,9
India,Bihar,Gaya,"Kareemganj, Gaya - BSPCB","02-12-2025 22:00:00",24.792403,84.992416,PM2.5,NA,NA,NA
India,Delhi,Delhi,"CRRI Mathura Road, Delhi - IMD","02-12-2025 22:00:00",28.5512005,77.2735737,CO,38,138,72
India,Delhi,Delhi,"Chandni Chowk, Delhi - IITM","02-12-2025 22:00:00",28.656756,77.227234,NH3,9,22,13
India,Delhi,Delhi,"Chandni Chowk, Delhi - IITM","02-12-2025 22:00:00",28.656756,77.227234,SO2,NA,NA,NA
India,Delhi,Delhi,"DTU, Delhi - CPCB","02-12-2025 22:00:00",28.7500499,77.1112615,NH3,10,14,12
India,Delhi,Delhi,"DTU, Delhi - CPCB","02-12-2025 22:00:00",28.7500499,77.1112615,CO,42,98,53
India,Delhi,Delhi,"Dr. Karni Singh Shooting Range, Delhi - DPCC","02-12-2025 22:00:00",28.498571,77.264840,SO2,10,30,18
India,Delhi,Delhi,"Dwarka-Sector 8, Delhi - DPCC ","02-12-2025 22:00:00",28.5710274,77.0719006,PM10,190,423,314
India,Bihar,Patna,"Govt. High School Shikarpur, Patna - BSPCB","02-12-2025 22:00:00",25.592539,85.227158,NH3,4,5,5
India,Bihar,Patna,"Govt. High School Shikarpur, Patna - BSPCB","02-12-2025 22:00:00",25.592539,85.227158,OZONE,8,13,10
India,Bihar,Patna,"Muradpur, Patna - BSPCB","02-12-2025 22:00:00",25.619651,85.147382,NO2,5,9,6
India,Bihar,Patna,"Muradpur, Patna - BSPCB","02-12-2025 22:00:00",25.619651,85.147382,OZONE,4,40,30
India,Bihar,Patna,"Rajbansi Nagar, Patna - BSPCB","02-12-2025 22:00:00",25.599486,85.113666,PM2.5,32,126,67
India,Bihar,Patna,"Rajbansi Nagar, Patna - BSPCB","02-12-2025 22:00:00",25.599486,85.113666,PM10,64,129,105
India,Bihar,Patna,"Rajbansi Nagar, Patna - BSPCB","02-12-2025 22:00:00",25.599486,85.113666,CO,27,116,55
India,Bihar,Patna,"Samanpura, Patna - BSPCB","02-12-2025 22:00:00",25.596727,85.085624,PM2.5,70,221,164
India,Chhattisgarh,Raipur,"Krishak Nagar, Raipur - CECB","02-12-2025 22:00:00",21.237755,81.705301,PM10,41,116,75
India,Chhattisgarh,Raipur,"Krishak Nagar, Raipur - CECB","02-12-2025 22:00:00",21.237755,81.705301,NO2,15,21,19
India,Chhattisgarh,Raipur,"Siltara Phase-II, Raipur - CECB","02-12-2025 22:00:00",21.371751,81.664929,OZONE,3,5,3
India,Delhi,Delhi,"Alipur, Delhi - DPCC","02-12-2025 22:00:00",28.815329,77.153010,NO2,35,136,67
India,Delhi,Delhi,"Alipur, Delhi - DPCC","02-12-2025 22:00:00",28.815329,77.153010,CO,104,123,109
India,Delhi,Delhi,"Alipur, Delhi - DPCC","02-12-2025 22:00:00",28.815329,77.153010,OZONE,6,68,45
India,Delhi,Delhi,"Anand Vihar, Delhi - DPCC","02-12-2025 22:00:00",28.647622,77.3158090,PM10,267,500,403
India,Chhattisgarh,Milupara,"Govt. Higher Secondary School, Milupara - CECB","02-12-2025 22:00:00",22.1910172,83.5197009,CO,26,67,41
India,Chhattisgarh,Raipur,"AIIMS, Raipur - CECB","02-12-2025 22:00:00",21.258815,81.578979,PM2.5,49,163,86
India,Chhattisgarh,Raipur,"AIIMS, Raipur - CECB","02-12-2025 22:00:00",21.258815,81.578979,PM10,44,167,93
India,Chhattisgarh,Raipur,"AIIMS, Raipur - CECB","02-12-2025 22:00:00",21.258815,81.578979,NH3,1,1,1
India,Chhattisgarh,Raipur,"Bhatagaon New ISBT, Raipur - CECB","02-12-2025 22:00:00",21.219665,81.630094,PM2.5,15,82,45
India,Chhattisgarh,Raipur,"Bhatagaon New ISBT, Raipur - CECB","02-12-2025 22:00:00",21.219665,81.630094,PM10,37,121,74
India,Chhattisgarh,Raipur,"Bhatagaon New ISBT, Raipur - CECB","02-12-2025 22:00:00",21.219665,81.630094,NO2,19,54,32
India,Bihar,Sasaram,"Dada Peer, Sasaram - BSPCB","02-12-2025 22:00:00",24.952822,84.002396,NO2,2,3,2
India,Bihar,Sasaram,"Dada Peer, Sasaram - BSPCB","02-12-2025 22:00:00",24.952822,84.002396,OZONE,16,17,17
India,Bihar,Siwan,"Chitragupta Nagar, Siwan - BSPCB","02-12-2025 22:00:00",26.2271665,84.3570427,OZONE,6,7,7
India,Chandigarh,Chandigarh,"Sector 22, Chandigarh - CPCC","02-12-2025 22:00:00",30.735567,76.775714,NH3,2,21,14
India,Chandigarh,Chandigarh,"Sector 22, Chandigarh - CPCC","02-12-2025 22:00:00",30.735567,76.775714,OZONE,4,145,74
India,Chandigarh,Chandigarh,"Sector-25, Chandigarh - CPCC","02-12-2025 22:00:00",30.751462,76.762879,PM10,20,165,114
India,Chandigarh,Chandigarh,"Sector-25, Chandigarh - CPCC","02-12-2025 22:00:00",30.751462,76.762879,OZONE,1,82,72
India,Chandigarh,Chandigarh,"Sector-53, Chandigarh - CPCC","02-12-2025 22:00:00",30.719859,76.738637,PM10,79,181,114
India,Chandigarh,Chandigarh,"Sector-53, Chandigarh - CPCC","02-12-2025 22:00:00",30.719859,76.738637,NO2,24,178,75
India,Chandigarh,Chandigarh,"Sector-53, Chandigarh - CPCC","02-12-2025 22:00:00",30.719859,76.738637,NH3,4,7,5
India,Chandigarh,Chandigarh,"Sector-53, Chandigarh - CPCC","02-12-2025 22:00:00",30.719859,76.738637,CO,18,124,69
India,Chhattisgarh,Bhilai,"Civic Center, Bhilai - Bhilai Steel Plant","02-12-2025 22:00:00",21.185571,81.343175,NO2,13,13,13
India,Chhattisgarh,Chhal,"Nawapara SECL Colony, Chhal - CECB","02-12-2025 22:00:00",22.118125,83.140608,NH3,5,5,5
India,Chhattisgarh,Chhal,"Nawapara SECL Colony, Chhal - CECB","02-12-2025 22:00:00",22.118125,83.140608,SO2,7,45,25
India,Chhattisgarh,Korba,"Rampur, Korba - CECB","02-12-2025 22:00:00",22.368195,82.746431,PM10,72,86,85
India,Chhattisgarh,Korba,"Rampur, Korba - CECB","02-12-2025 22:00:00",22.368195,82.746431,CO,26,34,28
India,Chhattisgarh,Korba,"Rampur, Korba - CECB","02-12-2025 22:00:00",22.368195,82.746431,OZONE,2,5,4
India,Chhattisgarh,Kunjemura,"OP Jindal School, Kunjemura - CECB","02-12-2025 22:00:00",22.126650,83.483212,PM10,47,103,70
India,Bihar,Patna,"Samanpura, Patna - BSPCB","02-12-2025 22:00:00",25.596727,85.085624,SO2,1,2,2
India,Bihar,Rajgir,"Dangi Tola, Rajgir - BSPCB","02-12-2025 22:00:00",25.03280,85.41948,PM2.5,42,237,84
India,Bihar,Rajgir,"Dangi Tola, Rajgir - BSPCB","02-12-2025 22:00:00",25.03280,85.41948,CO,78,101,88
India,Bihar,Rajgir,"Dangi Tola, Rajgir - BSPCB","02-12-2025 22:00:00",25.03280,85.41948,OZONE,29,36,33
India,Bihar,Samastipur,"DM Office_Kasipur, Samastipur - BSPCB","02-12-2025 22:00:00",25.859655,85.77944,PM2.5,28,280,79
India,Delhi,Delhi,"Anand Vihar, Delhi - DPCC","02-12-2025 22:00:00",28.647622,77.3158090,CO,92,173,103
India,Delhi,Delhi,"Ashok Vihar, Delhi - DPCC","02-12-2025 22:00:00",28.695381,77.181665,OZONE,5,223,106
India,Delhi,Delhi,"Burari Crossing, Delhi - IMD","02-12-2025 22:00:00",28.7256504,77.2011573,NO2,64,176,118
India,Delhi,Delhi,"CRRI Mathura Road, Delhi - IMD","02-12-2025 22:00:00",28.5512005,77.2735737,PM2.5,NA,NA,NA
India,Delhi,Delhi,"Jahangirpuri, Delhi - DPCC","02-12-2025 22:00:00",28.732820,77.170633,SO2,26,83,43
India,Delhi,Delhi,"Jahangirpuri, Delhi - DPCC","02-12-2025 22:00:00",28.732820,77.170633,CO,56,160,97
India,Delhi,Delhi,"Jawaharlal Nehru Stadium, Delhi - DPCC","02-12-2025 22:00:00",28.580280,77.233829,NH3,4,19,12
India,Delhi,Delhi,"Jawaharlal Nehru Stadium, Delhi - DPCC","02-12-2025 22:00:00",28.580280,77.233829,CO,58,160,90
India,Delhi,Delhi,"Lodhi Road, Delhi - IMD","02-12-2025 22:00:00",28.5918245,77.2273074,PM2.5,314,413,356
India,Delhi,Delhi,"Lodhi Road, Delhi - IMD","02-12-2025 22:00:00",28.5918245,77.2273074,CO,26,91,44
India,Delhi,Delhi,"Major Dhyan Chand National Stadium, Delhi - DPCC","02-12-2025 22:00:00",28.611281,77.237738,SO2,3,22,11
India,Delhi,Delhi,"Major Dhyan Chand National Stadium, Delhi - DPCC","02-12-2025 22:00:00",28.611281,77.237738,CO,111,195,164
India,Delhi,Delhi,"Vivek Vihar, Delhi - DPCC","02-12-2025 22:00:00",28.672342,77.315260,PM10,288,484,412
India,Delhi,Delhi,"Vivek Vihar, Delhi - DPCC","02-12-2025 22:00:00",28.672342,77.315260,CO,38,143,61
India,Delhi,Delhi,"Wazirpur, Delhi - DPCC","02-12-2025 22:00:00",28.699793,77.165453,SO2,8,39,19
India,Delhi,Delhi,"Wazirpur, Delhi - DPCC","02-12-2025 22:00:00",28.699793,77.165453,CO,102,146,121
India,Gujarat,Ahmedabad,"Chandkheda, Ahmedabad - IITM","02-12-2025 22:00:00",23.107969,72.574648,NO2,13,308,168
India,Gujarat,Ahmedabad,"Chandkheda, Ahmedabad - IITM","02-12-2025 22:00:00",23.107969,72.574648,NH3,1,7,3
India,Gujarat,Ahmedabad,"Gyaspur, Ahmedabad - IITM","02-12-2025 22:00:00",22.977134,72.553024,CO,20,84,20
India,Gujarat,Ahmedabad,"Gyaspur, Ahmedabad - IITM","02-12-2025 22:00:00",22.977134,72.553024,OZONE,13,33,33
India,Gujarat,Ahmedabad,"SVPI Airport Hansol, Ahmedabad - IITM","02-12-2025 22:00:00",23.076793,72.627874,PM2.5,43,169,104
India,Gujarat,Ahmedabad,"SVPI Airport Hansol, Ahmedabad - IITM","02-12-2025 22:00:00",23.076793,72.627874,NO2,17,115,69
India,Gujarat,Ahmedabad,"SVPI Airport Hansol, Ahmedabad - IITM","02-12-2025 22:00:00",23.076793,72.627874,SO2,5,8,6
India,Gujarat,Ankleshwar,"GIDC, Ankleshwar - GPCB","02-12-2025 22:00:00",21.613267,73.010555,PM2.5,67,182,121
India,Gujarat,Ankleshwar,"GIDC, Ankleshwar - GPCB","02-12-2025 22:00:00",21.613267,73.010555,SO2,20,26,23
India,Gujarat,Ankleshwar,"GIDC, Ankleshwar - GPCB","02-12-2025 22:00:00",21.613267,73.010555,CO,35,104,52
India,Gujarat,Gandhinagar,"IIPHG Lekawada, Gandhinagar - IITM","02-12-2025 22:00:00",23.243639,72.68994,NO2,6,9,8
India,Gujarat,Gandhinagar,"IIPHG Lekawada, Gandhinagar - IITM","02-12-2025 22:00:00",23.243639,72.68994,CO,17,93,41
India,Delhi,Delhi,"Shadipur, Delhi - CPCB","02-12-2025 22:00:00",28.6514781,77.1473105,PM10,270,448,382
India,Delhi,Delhi,"Shadipur, Delhi - CPCB","02-12-2025 22:00:00",28.6514781,77.1473105,NH3,10,16,12
India,Delhi,Delhi,"Sirifort, Delhi - CPCB","02-12-2025 22:00:00",28.5504249,77.2159377,PM2.5,320,460,414
India,Delhi,Delhi,"Sirifort, Delhi - CPCB","02-12-2025 22:00:00",28.5504249,77.2159377,CO,58,148,83
India,Delhi,Delhi,"Sonia Vihar, Delhi - DPCC","02-12-2025 22:00:00",28.710508,77.249485,OZONE,3,302,158
India,Delhi,Delhi,"Sri Aurobindo Marg, Delhi - DPCC","02-12-2025 22:00:00",28.531346,77.190156,PM2.5,302,402,369
India,Delhi,Delhi,"Mundka, Delhi - DPCC","02-12-2025 22:00:00",28.684678,77.076574,PM10,182,460,300
India,Delhi,Delhi,"Mundka, Delhi - DPCC","02-12-2025 22:00:00",28.684678,77.076574,NH3,12,19,15
India,Delhi,Delhi,"Mundka, Delhi - DPCC","02-12-2025 22:00:00",28.684678,77.076574,CO,34,132,53
India,Delhi,Delhi,"NSIT Dwarka, Delhi - CPCB","02-12-2025 22:00:00",28.60909,77.0325413,PM2.5,70,324,135
India,Delhi,Delhi,"NSIT Dwarka, Delhi - CPCB","02-12-2025 22:00:00",28.60909,77.0325413,PM10,173,283,208
India,Delhi,Delhi,"NSIT Dwarka, Delhi - CPCB","02-12-2025 22:00:00",28.60909,77.0325413,CO,50,105,75
India,Delhi,Delhi,"Najafgarh, Delhi - DPCC","02-12-2025 22:00:00",28.570173,76.933762,PM10,182,435,313
India,Gujarat,Ahmedabad,"Maninagar, Ahmedabad - GPCB","02-12-2025 22:00:00",23.002657,72.591912,SO2,34,45,40
India,Gujarat,Ahmedabad,"Maninagar, Ahmedabad - GPCB","02-12-2025 22:00:00",23.002657,72.591912,CO,18,42,28
India,Gujarat,Ahmedabad,"Raikhad, Ahmedabad - IITM","02-12-2025 22:00:00",23.020509,72.579261,CO,8,68,33
India,Gujarat,Ahmedabad,"Raikhad, Ahmedabad - IITM","02-12-2025 22:00:00",23.020509,72.579261,OZONE,1,72,44
India,Gujarat,Ahmedabad,"SAC ISRO Bopal, Ahmedabad - IITM","02-12-2025 22:00:00",23.041137,72.456691,PM10,69,197,138
India,Gujarat,Ahmedabad,"SAC ISRO Bopal, Ahmedabad - IITM","02-12-2025 22:00:00",23.041137,72.456691,OZONE,1,47,29
India,Delhi,Delhi,"IGI Airport (T3), Delhi - IMD","02-12-2025 22:00:00",28.5627763,77.1180053,PM2.5,45,385,314
India,Delhi,Delhi,"IGI Airport (T3), Delhi - IMD","02-12-2025 22:00:00",28.5627763,77.1180053,CO,30,122,64
India,Delhi,Delhi,"IGI Airport (T3), Delhi - IMD","02-12-2025 22:00:00",28.5627763,77.1180053,OZONE,5,95,50
India,Delhi,Delhi,"IHBAS, Dilshad Garden, Delhi - CPCB","02-12-2025 22:00:00",28.6811736,77.3025234,OZONE,23,51,35
India,Delhi,Delhi,"ITO, Delhi - CPCB","02-12-2025 22:00:00",28.628624,77.241060,NO2,69,240,146
India,Delhi,Delhi,"North Campus, DU, Delhi - IMD","02-12-2025 22:00:00",28.6573814,77.1585447,NO2,92,284,171
India,Delhi,Delhi,"Okhla Phase-2, Delhi - DPCC","02-12-2025 22:00:00",28.530785,77.271255,NH3,10,19,16
India,Delhi,Delhi,"Okhla Phase-2, Delhi - DPCC","02-12-2025 22:00:00",28.530785,77.271255,CO,26,130,55
India,Delhi,Delhi,"Patparganj, Delhi - DPCC","02-12-2025 22:00:00",28.623763,77.287209,PM2.5,349,449,404
India,Delhi,Delhi,"Punjabi Bagh, Delhi - DPCC","02-12-2025 22:00:00",28.674045,77.131023,NO2,63,134,88
India,Delhi,Delhi,"Punjabi Bagh, Delhi - DPCC","02-12-2025 22:00:00",28.674045,77.131023,CO,30,122,59
India,Delhi,Delhi,"Pusa, Delhi - DPCC","02-12-2025 22:00:00",28.639652,77.146275,CO,48,107,78
India,Delhi,Delhi,"R K Puram, Delhi - DPCC","02-12-2025 22:00:00",28.563262,77.186937,PM10,137,497,375
India,Haryana,"Charkhi Dadri","Mini Secretariat, Charkhi Dadri - HSPCB","02-12-2025 22:00:00",28.593883,76.270653,CO,10,25,16
India,Haryana,Dharuhera,"Municipal Corporation Office, Dharuhera -  HSPCB","02-12-2025 22:00:00",28.206800,76.799700,PM2.5,243,436,365
India,Haryana,Dharuhera,"Municipal Corporation Office, Dharuhera -  HSPCB","02-12-2025 22:00:00",28.206800,76.799700,PM10,142,422,288
India,Haryana,Faridabad,"New Industrial Town, Faridabad - HSPCB","02-12-2025 22:00:00",28.39072,77.30059,CO,10,13,12
India,Haryana,Faridabad,"Sector 11, Faridabad - HSPCB","02-12-2025 22:00:00",28.376058,77.315741,PM2.5,176,394,303
India,Haryana,Faridabad,"Sector 11, Faridabad - HSPCB","02-12-2025 22:00:00",28.376058,77.315741,NH3,9,10,10
India,Haryana,Faridabad,"Sector 11, Faridabad - HSPCB","02-12-2025 22:00:00",28.376058,77.315741,CO,10,109,10
India,Haryana,Faridabad,"Sector 30, Faridabad - HSPCB","02-12-2025 22:00:00",28.4417,77.3217,PM10,147,162,154
India,Haryana,Faridabad,"Sector 30, Faridabad - HSPCB","02-12-2025 22:00:00",28.4417,77.3217,NH3,10,12,11
India,Haryana,Sirsa,"F-Block, Sirsa - HSPCB","02-12-2025 22:00:00",29.536400,75.015800,PM10,96,167,129
India,Haryana,Sonipat,"Murthal, Sonipat - HSPCB","02-12-2025 22:00:00",29.027200,77.062100,NO2,27,56,41
India,Haryana,Sonipat,"Murthal, Sonipat - HSPCB","02-12-2025 22:00:00",29.027200,77.062100,NH3,20,59,32
India,Haryana,Sonipat,"Murthal, Sonipat - HSPCB","02-12-2025 22:00:00",29.027200,77.062100,CO,36,63,44
India,Haryana,"Yamuna Nagar","Gobind Pura, Yamuna Nagar - HSPCB","02-12-2025 22:00:00",30.1480566,77.2893471,PM2.5,189,299,252
India,Haryana,"Yamuna Nagar","Gobind Pura, Yamuna Nagar - HSPCB","02-12-2025 22:00:00",30.1480566,77.2893471,OZONE,8,33,33
India,"Himachal Pradesh",Baddi,"HIMUDA Complex Phase-1, Baddi - HPPCB","02-12-2025 22:00:00",30.943887,76.801991,OZONE,12,189,138
India,Haryana,Palwal,"Shyam Nagar, Palwal - HSPCB","02-12-2025 22:00:00",28.1485564,77.3320667,NH3,8,9,9
India,Haryana,Palwal,"Shyam Nagar, Palwal - HSPCB","02-12-2025 22:00:00",28.1485564,77.3320667,SO2,12,13,13
India,Haryana,Palwal,"Shyam Nagar, Palwal - HSPCB","02-12-2025 22:00:00",28.1485564,77.3320667,CO,14,57,30
India,Haryana,Panchgaon,"Amity University, Panchgaon - IITM","02-12-2025 22:00:00",28.3153,76.9143,PM2.5,70,181,103
India,Haryana,Panchgaon,"Amity University, Panchgaon - IITM","02-12-2025 22:00:00",28.3153,76.9143,PM10,80,142,109
India,Haryana,Panchgaon,"Amity University, Panchgaon - IITM","02-12-2025 22:00:00",28.3153,76.9143,NO2,7,11,10
India,Haryana,Panchkula,"Sector-6, Panchkula - HSPCB ","02-12-2025 22:00:00",30.7057778,76.8531805555555,NO2,24,27,25
India,Haryana,Panchkula,"Sector-6, Panchkula - HSPCB ","02-12-2025 22:00:00",30.7057778,76.8531805555555,SO2,8,9,9
India,Gujarat,Nandesari,"GIDC, Nandesari - Nandesari Ind. Association","02-12-2025 22:00:00",22.410802,73.097923,PM2.5,85,222,155
India,Gujarat,Nandesari,"GIDC, Nandesari - Nandesari Ind. Association","02-12-2025 22:00:00",22.410802,73.097923,SO2,NA,NA,NA
India,Gujarat,Surat,"Science Center, Surat - SMC","02-12-2025 22:00:00",21.170046,72.795405,PM2.5,14,65,34
India,Gujarat,Surat,"Science Center, Surat - SMC","02-12-2025 22:00:00",21.170046,72.795405,NO2,1,12,5
India,Gujarat,Surat,"Science Center, Surat - SMC","02-12-2025 22:00:00",21.170046,72.795405,SO2,33,39,36
India,Gujarat,Vapi,"Phase-1 GIDC, Vapi - GPCB","02-12-2025 22:00:00",20.362421,72.918013,OZONE,6,27,17
India,Gujarat,Vatva,"Phase-4 GIDC, Vatva - GPCB","02-12-2025 22:00:00",22.969611,72.643500,NO2,35,79,50
India,Haryana,Karnal,"Sector-12, Karnal - HSPCB","02-12-2025 22:00:00",29.695300,77.002700,CO,38,63,48
India,Haryana,Kurukshetra,"Sector-7, Kurukshetra - HSPCB","02-12-2025 22:00:00",29.966942,76.875879,NO2,NA,NA,NA
India,Haryana,Kurukshetra,"Sector-7, Kurukshetra - HSPCB","02-12-2025 22:00:00",29.966942,76.875879,NH3,NA,NA,NA
India,Haryana,Kurukshetra,"Sector-7, Kurukshetra - HSPCB","02-12-2025 22:00:00",29.966942,76.875879,CO,29,48,35
India,Haryana,Mandikhera,"General Hospital, Mandikhera(Nuh) - HSPCB","02-12-2025 22:00:00",27.9002,76.9938,NO2,NA,NA,NA
India,Haryana,Manesar,"Sector-2 IMT, Manesar - HSPCB","02-12-2025 22:00:00",28.360699,76.936090,NO2,55,66,60
India,Haryana,Manesar,"Sector-2 IMT, Manesar - HSPCB","02-12-2025 22:00:00",28.360699,76.936090,CO,33,72,42
India,Haryana,Ambala,"Patti Mehar, Ambala - HSPCB","02-12-2025 22:00:00",30.379589,76.778328,NO2,21,24,22
India,Haryana,Ambala,"Patti Mehar, Ambala - HSPCB","02-12-2025 22:00:00",30.379589,76.778328,SO2,31,32,31
India,Haryana,Bahadurgarh,"Arya Nagar, Bahadurgarh - HSPCB","02-12-2025 22:00:00",28.6701,76.9254,NH3,12,13,13
India,Haryana,Bahadurgarh,"Arya Nagar, Bahadurgarh - HSPCB","02-12-2025 22:00:00",28.6701,76.9254,OZONE,16,19,18
India,Haryana,Ballabgarh,"Nathu Colony, Ballabgarh - HSPCB","02-12-2025 22:00:00",28.3419248,77.319699,NO2,19,21,20
India,Haryana,Ballabgarh,"Nathu Colony, Ballabgarh - HSPCB","02-12-2025 22:00:00",28.3419248,77.319699,SO2,4,11,8
India,Haryana,Gurugram,"Vikas Sadan, Gurugram - HSPCB","02-12-2025 22:00:00",28.4501238,77.0263051,NO2,2,11,6
India,Haryana,Gurugram,"Vikas Sadan, Gurugram - HSPCB","02-12-2025 22:00:00",28.4501238,77.0263051,CO,79,126,108
India,Haryana,Gurugram,"Vikas Sadan, Gurugram - HSPCB","02-12-2025 22:00:00",28.4501238,77.0263051,OZONE,6,43,32
India,Haryana,Hisar,"Urban Estate-II, Hisar - HSPCB","02-12-2025 22:00:00",29.140560,75.744941,NH3,8,8,8
India,Haryana,Jind,"Police Lines, Jind - HSPCB","02-12-2025 22:00:00",29.307814,76.337619,NH3,2,3,2
India,Haryana,Jind,"Police Lines, Jind - HSPCB","02-12-2025 22:00:00",29.307814,76.337619,OZONE,6,79,58
India,Haryana,Faridabad,"Sector 30, Faridabad - HSPCB","02-12-2025 22:00:00",28.4417,77.3217,CO,45,68,63
India,Haryana,Gurugram,"Sector-51, Gurugram - HSPCB","02-12-2025 22:00:00",28.4227,77.0667,NH3,4,6,5
India,Haryana,Gurugram,"Sector-51, Gurugram - HSPCB","02-12-2025 22:00:00",28.4227,77.0667,SO2,1,15,4
India,Haryana,Gurugram,"Teri Gram, Gurugram - HSPCB","02-12-2025 22:00:00",28.4275,77.1465,NO2,37,76,58
India,Haryana,Gurugram,"Vikas Sadan, Gurugram - HSPCB","02-12-2025 22:00:00",28.4501238,77.0263051,PM2.5,155,231,162
India,Jammu_and_Kashmir,Srinagar,"Rajbagh, Srinagar - JKSPCB","02-12-2025 22:00:00",34.066206,74.819820,SO2,NA,NA,NA
India,Jharkhand,Dhanbad,"Sardar Patel Nagar, Dhanbad - JSPCB","02-12-2025 22:00:00",23.80569,86.44268,OZONE,1,17,12
India,Jharkhand,Jorapokhar,"Tata Stadium, Jorapokhar - JSPCB","02-12-2025 22:00:00",23.707909,86.414670,OZONE,16,48,27
India,Karnataka,Bengaluru,"BTM Layout, Bengaluru - CPCB","02-12-2025 22:00:00",12.9135218,77.5950804,PM2.5,71,93,79
India,Karnataka,Bengaluru,"BTM Layout, Bengaluru - CPCB","02-12-2025 22:00:00",12.9135218,77.5950804,OZONE,21,25,22
India,Karnataka,Bengaluru,"BWSSB Kadabesanahalli, Bengaluru - CPCB","02-12-2025 22:00:00",12.9352049,77.6814488,PM10,46,135,89
India,Karnataka,Bengaluru,"BWSSB Kadabesanahalli, Bengaluru - CPCB","02-12-2025 22:00:00",12.9352049,77.6814488,NO2,3,21,14
India,Karnataka,Bengaluru,"Hebbal, Bengaluru - KSPCB","02-12-2025 22:00:00",13.029152,77.585901,PM2.5,8,134,29
India,Karnataka,Bengaluru,"Hebbal, Bengaluru - KSPCB","02-12-2025 22:00:00",13.029152,77.585901,NO2,NA,NA,NA
India,Karnataka,Bengaluru,"Hombegowda Nagar, Bengaluru - KSPCB","02-12-2025 22:00:00",12.938539,77.590100,SO2,5,14,9
India,Karnataka,Bengaluru,"Jayanagar 5th Block, Bengaluru - KSPCB","02-12-2025 22:00:00",12.920984,77.584908,NO2,11,56,40
India,Karnataka,Bengaluru,"Jayanagar 5th Block, Bengaluru - KSPCB","02-12-2025 22:00:00",12.920984,77.584908,OZONE,3,44,17
India,Karnataka,Bengaluru,"Jigani, Bengaluru - KSPCB","02-12-2025 22:00:00",12.7816279,77.6299145,NH3,4,4,4
India,Karnataka,Bengaluru,"Kasturi Nagar, Bengaluru - KSPCB","02-12-2025 22:00:00",13.003872,77.664217,PM2.5,59,61,60
India,Karnataka,Bengaluru,"Kasturi Nagar, Bengaluru - KSPCB","02-12-2025 22:00:00",13.003872,77.664217,SO2,10,12,11
India,Karnataka,Bengaluru,"Kasturi Nagar, Bengaluru - KSPCB","02-12-2025 22:00:00",13.003872,77.664217,OZONE,20,21,20
India,Karnataka,Bengaluru,"RVCE-Mailasandra, Bengaluru - KSPCB","02-12-2025 22:00:00",12.921418,77.502466,NH3,3,5,4
India,Karnataka,Bengaluru,"Sanegurava Halli, Bengaluru - KSPCB","02-12-2025 22:00:00",12.990328,77.5431385,CO,17,38,24
India,Karnataka,Bengaluru,"Shivapura_Peenya, Bengaluru - KSPCB","02-12-2025 22:00:00",13.0246342,77.5080115,NO2,33,35,34
India,Karnataka,Bengaluru,"Silk Board, Bengaluru - KSPCB","02-12-2025 22:00:00",12.917348,77.622813,PM2.5,28,67,37
India,Karnataka,Bengaluru,"Silk Board, Bengaluru - KSPCB","02-12-2025 22:00:00",12.917348,77.622813,SO2,7,10,9
India,Karnataka,Bengaluru,"Silk Board, Bengaluru - KSPCB","02-12-2025 22:00:00",12.917348,77.622813,CO,57,77,65
India,Karnataka,Chamarajanagar,"Urban, Chamarajanagar - KSPCB","02-12-2025 22:00:00",11.55358,76.55521,NO2,14,35,24
India,Karnataka,Chikkamagaluru,"Kalyana Nagara, Chikkamagaluru - KSPCB","02-12-2025 22:00:00",13.328028,75.797056,NO2,18,26,20
India,Karnataka,Davanagere,"Devaraj Urs Badavane, Davanagere - KSPCB","02-12-2025 22:00:00",14.475800,75.905200,NO2,18,38,25
India,Karnataka,Dharwad,"Kalabhavan, Dharwad - KSPCB","02-12-2025 22:00:00",15.459706,75.008381,CO,62,105,68
India,Karnataka,Kalaburagi,"Mahatma Basaveswar Colony, Kalaburgi - KSPCB","02-12-2025 22:00:00",17.336318,76.847397,SO2,3,6,4
India,Karnataka,Kalaburagi,"Mahatma Basaveswar Colony, Kalaburgi - KSPCB","02-12-2025 22:00:00",17.336318,76.847397,OZONE,13,20,14
India,Karnataka,Koppal,"Diwator Nagar, Koppal - KSPCB","02-12-2025 22:00:00",15.347630,76.181767,PM10,31,62,46
India,Karnataka,Koppal,"Diwator Nagar, Koppal - KSPCB","02-12-2025 22:00:00",15.347630,76.181767,SO2,6,22,13
India,Karnataka,Koppal,"Diwator Nagar, Koppal - KSPCB","02-12-2025 22:00:00",15.347630,76.181767,OZONE,3,4,4
India,Karnataka,Madikeri,"Stuart Hill, Madikeri - KSPCB","02-12-2025 22:00:00",12.415911,75.735050,OZONE,3,6,4
India,Bihar,Bhagalpur,"Mayaganj, Bhagalpur - BSPCB","02-12-2025 22:00:00",25.265194,87.012947,PM10,50,123,89
India,Bihar,Bhagalpur,"Mayaganj, Bhagalpur - BSPCB","02-12-2025 22:00:00",25.265194,87.012947,NO2,6,8,7
India,Bihar,Bhagalpur,"Mayaganj, Bhagalpur - BSPCB","02-12-2025 22:00:00",25.265194,87.012947,NH3,9,17,14
India,Bihar,Bhagalpur,"Mayaganj, Bhagalpur - BSPCB","02-12-2025 22:00:00",25.265194,87.012947,SO2,45,84,67
India,Bihar,Buxar,"Charitra Van, Buxar - BSPCB","02-12-2025 22:00:00",25.567520,83.966379,PM10,56,152,106
India,Bihar,Buxar,"Charitra Van, Buxar - BSPCB","02-12-2025 22:00:00",25.567520,83.966379,NO2,7,10,9
India,Bihar,Chhapra,"Darshan Nagar, Chhapra - BSPCB","02-12-2025 22:00:00",25.7808257,84.7446768,NH3,5,7,6
India,Bihar,Chhapra,"Darshan Nagar, Chhapra - BSPCB","02-12-2025 22:00:00",25.7808257,84.7446768,OZONE,24,74,51
India,Bihar,Gaya,"Collectorate, Gaya - BSPCB","02-12-2025 22:00:00",24.7955,84.9994,SO2,6,21,10
India,Assam,Guwahati,"IITG, Guwahati - PCBA","02-12-2025 22:00:00",26.2028636,91.70046436,CO,10,26,14
India,Assam,Guwahati,"LGBI Airport, Guwahati - PCBA","02-12-2025 22:00:00",26.10887,91.589544,PM2.5,26,79,57
India,Assam,Guwahati,"LGBI Airport, Guwahati - PCBA","02-12-2025 22:00:00",26.10887,91.589544,CO,24,54,33
India,Assam,Nagaon,"Christianpatty, Nagaon - PCBA","02-12-2025 22:00:00",26.349082,92.68449,PM2.5,58,62,62
India,Assam,Nagaon,"Christianpatty, Nagaon - PCBA","02-12-2025 22:00:00",26.349082,92.68449,NH3,4,4,4
India,Assam,Nagaon,"Christianpatty, Nagaon - PCBA","02-12-2025 22:00:00",26.349082,92.68449,OZONE,8,9,9
India,Assam,Nalbari,"Bata Chowk, Nalbari - PCBA","02-12-2025 22:00:00",26.446912,91.439057,PM10,NA,NA,NA
India,Assam,Nalbari,"Bata Chowk, Nalbari - PCBA","02-12-2025 22:00:00",26.446912,91.439057,NO2,13,16,14
India,Assam,Nalbari,"Bata Chowk, Nalbari - PCBA","02-12-2025 22:00:00",26.446912,91.439057,CO,20,23,21
India,Andhra_Pradesh,Amaravati,"Secretariat, Amaravati - APPCB","02-12-2025 22:00:00",16.5150833,80.5181667,PM10,42,156,82
India,Andhra_Pradesh,Anantapur,"Gulzarpet, Anantapur - APPCB","02-12-2025 22:00:00",14.675886,77.593027,PM2.5,45,119,66
India,Andhra_Pradesh,Anantapur,"Gulzarpet, Anantapur - APPCB","02-12-2025 22:00:00",14.675886,77.593027,CO,28,42,30
India,Andhra_Pradesh,Chittoor,"Gangineni Cheruvu, Chittoor - APPCB","02-12-2025 22:00:00",13.204880,79.097889,NH3,5,5,5
India,Andhra_Pradesh,Chittoor,"Gangineni Cheruvu, Chittoor - APPCB","02-12-2025 22:00:00",13.204880,79.097889,CO,30,58,53
India,Andhra_Pradesh,Chittoor,"Gangineni Cheruvu, Chittoor - APPCB","02-12-2025 22:00:00",13.204880,79.097889,OZONE,52,58,56
India,Andhra_Pradesh,Kadapa,"Yerramukkapalli, Kadapa - APPCB","02-12-2025 22:00:00",14.465052,78.824187,NO2,19,25,23
India,Bihar,Aurangabad,"Gurdeo Nagar, Aurangabad - BSPCB","02-12-2025 22:00:00",24.75746,84.366208,PM10,43,200,96
India,Bihar,Aurangabad,"Gurdeo Nagar, Aurangabad - BSPCB","02-12-2025 22:00:00",24.75746,84.366208,OZONE,6,42,31
India,Bihar,Begusarai,"Lohiyanagar, Begusarai - BSPCB","02-12-2025 22:00:00",25.42742023,86.13886079,PM10,45,180,72
India,Bihar,Bettiah,"Kamalnath Nagar, Bettiah - BSPCB","02-12-2025 22:00:00",26.80365,84.51954,CO,74,125,104
India,Bihar,Bhagalpur,"DM Office_Kachari Chowk, Bhagalpur - BSPCB","02-12-2025 22:00:00",25.251013,86.989001,OZONE,12,23,15
India,Bihar,Bhagalpur,"Mayaganj, Bhagalpur - BSPCB","02-12-2025 22:00:00",25.265194,87.012947,PM2.5,25,123,75
India,Andhra_Pradesh,Tirumala,"Toll Gate, Tirumala - APPCB","02-12-2025 22:00:00",13.67,79.35,PM2.5,7,28,16
India,Andhra_Pradesh,Tirumala,"Toll Gate, Tirumala - APPCB","02-12-2025 22:00:00",13.67,79.35,CO,22,68,31
India,Andhra_Pradesh,Tirupati,"Vaikuntapuram, Tirupati - APPCB","02-12-2025 22:00:00",13.615387,79.409230,PM2.5,47,53,50
India,Andhra_Pradesh,Tirupati,"Vaikuntapuram, Tirupati - APPCB","02-12-2025 22:00:00",13.615387,79.409230,NO2,14,16,15
India,Andhra_Pradesh,Vijayawada,"HB Colony, Vijayawada - APPCB","02-12-2025 22:00:00",16.536107,80.594233,CO,21,38,31
India,Bihar,Gaya,"SFTI Kusdihra, Gaya - BSPCB","02-12-2025 22:00:00",24.762518,84.982348,PM10,25,52,39
India,Bihar,Hajipur,"Industrial Area, Hajipur - BSPCB","02-12-2025 22:00:00",25.697189,85.245900,NH3,6,14,10
India,Bihar,Hajipur,"Industrial Area, Hajipur - BSPCB","02-12-2025 22:00:00",25.697189,85.245900,CO,26,119,59
India,Bihar,Kishanganj,"SDM Office_Khagra, Kishanganj - BSPCB","02-12-2025 22:00:00",26.0881305,87.93840336,PM10,35,194,118
India,"Andaman and Nicobar","Sri Vijaya Puram","Police Line, Sri Vijaya Puram - ANPCC","02-12-2025 22:00:00",11.654054,92.734055,NH3,NA,NA,NA
India,"Andaman and Nicobar","Sri Vijaya Puram","Police Line, Sri Vijaya Puram - ANPCC","02-12-2025 22:00:00",11.654054,92.734055,SO2,NA,NA,NA
India,"Andaman and Nicobar","Sri Vijaya Puram","Police Line, Sri Vijaya Puram - ANPCC","02-12-2025 22:00:00",11.654054,92.734055,OZONE,NA,NA,NA
India,Andhra_Pradesh,Amaravati,"Secretariat, Amaravati - APPCB","02-12-2025 22:00:00",16.5150833,80.5181667,PM2.5,43,286,95
India,Assam,Silchar,"Tarapur, Silchar - PCBA","02-12-2025 22:00:00",24.82827,92.79525,PM10,46,92,62
India,Assam,Sivasagar,"Girls College, Sivasagar - PCBA","02-12-2025 22:00:00",26.987634,94.636574,NH3,4,16,9
India,Bihar,Araria,"Kharahiya Basti, Araria - BSPCB","02-12-2025 22:00:00",26.146529,87.454184,CO,31,100,52
India,Andhra_Pradesh,Vijayawada,"Rajiv Nagar, Vijayawada - APPCB","02-12-2025 22:00:00",16.554731,80.649110,NO2,7,9,8
India,Arunachal_Pradesh,Naharlagun,"Naharlagun, Naharlagun - APSPCB","02-12-2025 22:00:00",27.103358,93.679645,NO2,6,7,6
India,Andhra_Pradesh,Vijayawada,"Rajiv Gandhi Park, Vijayawada - APPCB","02-12-2025 22:00:00",16.509717,80.612222,PM10,61,101,77
India,Andhra_Pradesh,Vijayawada,"Rajiv Gandhi Park, Vijayawada - APPCB","02-12-2025 22:00:00",16.509717,80.612222,NH3,8,9,8
India,Bihar,Kishanganj,"SDM Office_Khagra, Kishanganj - BSPCB","02-12-2025 22:00:00",26.0881305,87.93840336,NO2,10,14,12
India,Bihar,Kishanganj,"SDM Office_Khagra, Kishanganj - BSPCB","02-12-2025 22:00:00",26.0881305,87.93840336,OZONE,16,19,17
India,Bihar,Manguraha,"Forest Rest House, Manguraha - BSPCB","02-12-2025 22:00:00",27.308328,84.531742,PM2.5,52,302,132
India,Bihar,Manguraha,"Forest Rest House, Manguraha - BSPCB","02-12-2025 22:00:00",27.308328,84.531742,CO,32,34,34
India,Bihar,Manguraha,"Forest Rest House, Manguraha - BSPCB","02-12-2025 22:00:00",27.308328,84.531742,OZONE,10,22,15
India,Bihar,Motihari,"Gandak Colony, Motihari - BSPCB","02-12-2025 22:00:00",26.63086,84.90051,OZONE,3,6,4
India,Bihar,Munger,"Town Hall, Munger - BSPCB","02-12-2025 22:00:00",25.376776,86.471523,OZONE,11,34,20
India,Bihar,Muzaffarpur,"Buddha Colony, Muzaffarpur - BSPCB","02-12-2025 22:00:00",26.11442,85.39813,SO2,5,86,11
India,Chhattisgarh,Raipur,"AIIMS, Raipur - CECB","02-12-2025 22:00:00",21.258815,81.578979,OZONE,NA,NA,NA
India,Chhattisgarh,Raipur,"Bhatagaon New ISBT, Raipur - CECB","02-12-2025 22:00:00",21.219665,81.630094,NH3,2,2,2
India,Chhattisgarh,Raipur,"Bhatagaon New ISBT, Raipur - CECB","02-12-2025 22:00:00",21.219665,81.630094,SO2,5,32,10
India,Chhattisgarh,Raipur,"Krishak Nagar, Raipur - CECB","02-12-2025 22:00:00",21.237755,81.705301,PM2.5,46,78,62
India,Chhattisgarh,Raipur,"Krishak Nagar, Raipur - CECB","02-12-2025 22:00:00",21.237755,81.705301,CO,27,39,33
India,Chhattisgarh,Raipur,"Siltara Phase-II, Raipur - CECB","02-12-2025 22:00:00",21.371751,81.664929,PM2.5,4,138,40
India,Chhattisgarh,Tumidih,"OP Jindal Industrial Park, Tumidih - CECB","02-12-2025 22:00:00",22.06631475,83.33820077,NH3,NA,NA,NA
India,Chandigarh,Chandigarh,"Sector 22, Chandigarh - CPCC","02-12-2025 22:00:00",30.735567,76.775714,PM2.5,75,301,164
India,Chandigarh,Chandigarh,"Sector 22, Chandigarh - CPCC","02-12-2025 22:00:00",30.735567,76.775714,NO2,31,163,78
India,Chandigarh,Chandigarh,"Sector-25, Chandigarh - CPCC","02-12-2025 22:00:00",30.751462,76.762879,PM2.5,20,301,163
India,Chandigarh,Chandigarh,"Sector-25, Chandigarh - CPCC","02-12-2025 22:00:00",30.751462,76.762879,SO2,7,13,9
India,Chandigarh,Chandigarh,"Sector-53, Chandigarh - CPCC","02-12-2025 22:00:00",30.719859,76.738637,OZONE,2,90,49
India,Chhattisgarh,Bhilai,"32Bungalows, Bhilai - CECB","02-12-2025 22:00:00",21.194815,81.314770,CO,22,76,41
India,Chhattisgarh,Bhilai,"Civic Center, Bhilai - Bhilai Steel Plant","02-12-2025 22:00:00",21.185571,81.343175,NH3,3,3,3
India,Chhattisgarh,Bhilai,"Hathkhoj, Bhilai - CECB","02-12-2025 22:00:00",21.224231,81.408350,PM10,NA,NA,NA
India,Chhattisgarh,Bhilai,"Hathkhoj, Bhilai - CECB","02-12-2025 22:00:00",21.224231,81.408350,OZONE,6,18,13
India,Chhattisgarh,Chhal,"Nawapara SECL Colony, Chhal - CECB","02-12-2025 22:00:00",22.118125,83.140608,CO,26,62,38
India,Chhattisgarh,Korba,"Rampur, Korba - CECB","02-12-2025 22:00:00",22.368195,82.746431,NH3,2,2,2
India,Chhattisgarh,Korba,"Urja Nagar, Korba - CECB","02-12-2025 22:00:00",22.348441,82.549611,NO2,45,58,51
India,Chhattisgarh,Korba,"Urja Nagar, Korba - CECB","02-12-2025 22:00:00",22.348441,82.549611,NH3,1,2,2
India,Chhattisgarh,Kunjemura,"OP Jindal School, Kunjemura - CECB","02-12-2025 22:00:00",22.126650,83.483212,NH3,2,2,2
India,Chhattisgarh,Milupara,"Govt. Higher Secondary School, Milupara - CECB","02-12-2025 22:00:00",22.1910172,83.5197009,PM2.5,58,100,79
India,Chhattisgarh,Milupara,"Govt. Higher Secondary School, Milupara - CECB","02-12-2025 22:00:00",22.1910172,83.5197009,SO2,12,15,13
India,Bihar,Muzaffarpur,"Buddha Colony, Muzaffarpur - BSPCB","02-12-2025 22:00:00",26.11442,85.39813,OZONE,13,254,142
India,Bihar,Muzaffarpur,"MIT-Daudpur Kothi, Muzaffarpur - BSPCB","02-12-2025 22:00:00",26.1403345,85.3650192,PM2.5,77,133,108
India,Bihar,Muzaffarpur,"Muzaffarpur Collectorate, Muzaffarpur - BSPCB","02-12-2025 22:00:00",26.1209,85.3647,OZONE,27,53,43
India,Bihar,Patna,"IGSC Planetarium Complex, Patna - BSPCB","02-12-2025 22:00:00",25.610369,85.132568,OZONE,27,30,29
India,Bihar,Saharsa,"Police Line, Saharsa - BSPCB","02-12-2025 22:00:00",25.892357,86.590325,NH3,4,4,4
India,Bihar,Sasaram,"Dada Peer, Sasaram - BSPCB","02-12-2025 22:00:00",24.952822,84.002396,CO,48,55,52
India,Bihar,Siwan,"Chitragupta Nagar, Siwan - BSPCB","02-12-2025 22:00:00",26.2271665,84.3570427,PM2.5,33,133,79
India,Bihar,Siwan,"Chitragupta Nagar, Siwan - BSPCB","02-12-2025 22:00:00",26.2271665,84.3570427,SO2,4,4,4
India,Bihar,Patna,"Muradpur, Patna - BSPCB","02-12-2025 22:00:00",25.619651,85.147382,SO2,8,10,9
India,Bihar,Purnia,"Mariam Nagar, Purnia - BSPCB","02-12-2025 22:00:00",25.366336,87.117468,NO2,5,7,6
India,Bihar,Purnia,"Mariam Nagar, Purnia - BSPCB","02-12-2025 22:00:00",25.366336,87.117468,SO2,16,20,18
India,Bihar,Purnia,"Mariam Nagar, Purnia - BSPCB","02-12-2025 22:00:00",25.366336,87.117468,CO,56,70,60
India,Delhi,Delhi,"Alipur, Delhi - DPCC","02-12-2025 22:00:00",28.815329,77.153010,SO2,8,29,15
India,Delhi,Delhi,"Aya Nagar, Delhi - IMD","02-12-2025 22:00:00",28.4706914,77.1099364,OZONE,9,186,108
India,Delhi,Delhi,"NSIT Dwarka, Delhi - CPCB","02-12-2025 22:00:00",28.60909,77.0325413,OZONE,7,136,66
India,Delhi,Delhi,"Najafgarh, Delhi - DPCC","02-12-2025 22:00:00",28.570173,76.933762,NO2,85,135,102
India,Delhi,Delhi,"Narela, Delhi - DPCC","02-12-2025 22:00:00",28.822836,77.101981,PM2.5,319,500,399
India,Delhi,Delhi,"Narela, Delhi - DPCC","02-12-2025 22:00:00",28.822836,77.101981,NH3,5,9,7
India,Delhi,Delhi,"Narela, Delhi - DPCC","02-12-2025 22:00:00",28.822836,77.101981,CO,36,111,69
India,Delhi,Delhi,"North Campus, DU, Delhi - IMD","02-12-2025 22:00:00",28.6573814,77.1585447,CO,53,154,96
India,Delhi,Delhi,"North Campus, DU, Delhi - IMD","02-12-2025 22:00:00",28.6573814,77.1585447,OZONE,15,337,202
India,Delhi,Delhi,"R K Puram, Delhi - DPCC","02-12-2025 22:00:00",28.563262,77.186937,NH3,5,13,7
India,Delhi,Delhi,"R K Puram, Delhi - DPCC","02-12-2025 22:00:00",28.563262,77.186937,SO2,5,20,14
India,Delhi,Delhi,"R K Puram, Delhi - DPCC","02-12-2025 22:00:00",28.563262,77.186937,CO,36,160,78
India,Delhi,Delhi,"Rohini, Delhi - DPCC","02-12-2025 22:00:00",28.732528,77.119920,NO2,38,148,88
India,Delhi,Delhi,"Shadipur, Delhi - CPCB","02-12-2025 22:00:00",28.6514781,77.1473105,CO,40,118,71
India,Delhi,Delhi,"Sirifort, Delhi - CPCB","02-12-2025 22:00:00",28.5504249,77.2159377,NO2,68,85,77
India,Delhi,Delhi,"Sirifort, Delhi - CPCB","02-12-2025 22:00:00",28.5504249,77.2159377,SO2,20,39,28
India,Delhi,Delhi,"Dr. Karni Singh Shooting Range, Delhi - DPCC","02-12-2025 22:00:00",28.498571,77.264840,OZONE,6,62,32
India,Delhi,Delhi,"Dwarka-Sector 8, Delhi - DPCC ","02-12-2025 22:00:00",28.5710274,77.0719006,NO2,78,177,136
India,Delhi,Delhi,"Dwarka-Sector 8, Delhi - DPCC ","02-12-2025 22:00:00",28.5710274,77.0719006,NH3,12,15,13
India,Delhi,Delhi,"Dwarka-Sector 8, Delhi - DPCC ","02-12-2025 22:00:00",28.5710274,77.0719006,SO2,26,49,38
India,Delhi,Delhi,"IHBAS, Dilshad Garden, Delhi - CPCB","02-12-2025 22:00:00",28.6811736,77.3025234,NO2,35,194,97
India,Delhi,Delhi,"IHBAS, Dilshad Garden, Delhi - CPCB","02-12-2025 22:00:00",28.6811736,77.3025234,NH3,9,14,11
India,Delhi,Delhi,"ITO, Delhi - CPCB","02-12-2025 22:00:00",28.628624,77.241060,NH3,2,7,4
India,Delhi,Delhi,"ITO, Delhi - CPCB","02-12-2025 22:00:00",28.628624,77.241060,OZONE,11,92,40
India,Delhi,Delhi,"Jahangirpuri, Delhi - DPCC","02-12-2025 22:00:00",28.732820,77.170633,PM2.5,328,500,414
India,Delhi,Delhi,"Jahangirpuri, Delhi - DPCC","02-12-2025 22:00:00",28.732820,77.170633,OZONE,3,259,115
India,Delhi,Delhi,"Lodhi Road, Delhi - IITM","02-12-2025 22:00:00",28.588333,77.221667,PM10,179,331,235
India,Delhi,Delhi,"Lodhi Road, Delhi - IITM","02-12-2025 22:00:00",28.588333,77.221667,NO2,2,114,52
India,Delhi,Delhi,"Sonia Vihar, Delhi - DPCC","02-12-2025 22:00:00",28.710508,77.249485,PM10,189,491,356
India,Delhi,Delhi,"Sonia Vihar, Delhi - DPCC","02-12-2025 22:00:00",28.710508,77.249485,SO2,8,56,20
India,Delhi,Delhi,"Sri Aurobindo Marg, Delhi - DPCC","02-12-2025 22:00:00",28.531346,77.190156,NH3,5,7,6
India,Delhi,Delhi,"Wazirpur, Delhi - DPCC","02-12-2025 22:00:00",28.699793,77.165453,NH3,8,13,10
India,Delhi,Delhi,"Wazirpur, Delhi - DPCC","02-12-2025 22:00:00",28.699793,77.165453,OZONE,3,170,85
India,Delhi,Delhi,"Okhla Phase-2, Delhi - DPCC","02-12-2025 22:00:00",28.530785,77.271255,PM10,304,497,432
India,Delhi,Delhi,"Punjabi Bagh, Delhi - DPCC","02-12-2025 22:00:00",28.674045,77.131023,SO2,1,17,6
India,Delhi,Delhi,"Pusa, Delhi - DPCC","02-12-2025 22:00:00",28.639652,77.146275,PM2.5,345,441,384
India,Delhi,Delhi,"Pusa, Delhi - DPCC","02-12-2025 22:00:00",28.639652,77.146275,SO2,3,33,12
India,Delhi,Delhi,"Pusa, Delhi - DPCC","02-12-2025 22:00:00",28.639652,77.146275,OZONE,15,36,23
India,Delhi,Delhi,"Burari Crossing, Delhi - IMD","02-12-2025 22:00:00",28.7256504,77.2011573,PM10,205,496,352
India,Delhi,Delhi,"Chandni Chowk, Delhi - IITM","02-12-2025 22:00:00",28.656756,77.227234,PM10,411,500,469
India,Delhi,Delhi,"DTU, Delhi - CPCB","02-12-2025 22:00:00",28.7500499,77.1112615,PM10,180,445,314
India,Delhi,Delhi,"DTU, Delhi - CPCB","02-12-2025 22:00:00",28.7500499,77.1112615,SO2,34,38,35
India,Gujarat,Ahmedabad,"Gyaspur, Ahmedabad - IITM","02-12-2025 22:00:00",22.977134,72.553024,PM2.5,206,356,251
India,Gujarat,Ahmedabad,"Maninagar, Ahmedabad - GPCB","02-12-2025 22:00:00",23.002657,72.591912,PM2.5,45,330,104
India,Gujarat,Ahmedabad,"Raikhad, Ahmedabad - IITM","02-12-2025 22:00:00",23.020509,72.579261,PM2.5,NA,NA,NA
India,Gujarat,Ahmedabad,"Raikhad, Ahmedabad - IITM","02-12-2025 22:00:00",23.020509,72.579261,NH3,NA,NA,NA
India,Delhi,Delhi,"Mandir Marg, Delhi - DPCC","02-12-2025 22:00:00",28.636429,77.201067,NO2,101,222,139
India,Delhi,Delhi,"Mandir Marg, Delhi - DPCC","02-12-2025 22:00:00",28.636429,77.201067,SO2,57,105,89
India,Delhi,Delhi,"NSIT Dwarka, Delhi - CPCB","02-12-2025 22:00:00",28.60909,77.0325413,SO2,15,44,29
India,Haryana,Ballabgarh,"Nathu Colony, Ballabgarh - HSPCB","02-12-2025 22:00:00",28.3419248,77.319699,CO,15,103,55
India,Haryana,Ballabgarh,"Nathu Colony, Ballabgarh - HSPCB","02-12-2025 22:00:00",28.3419248,77.319699,OZONE,15,16,15
India,Haryana,Bhiwani,"H.B. Colony, Bhiwani - HSPCB","02-12-2025 22:00:00",28.806223,76.141105,PM10,116,126,120
India,Haryana,Bhiwani,"H.B. Colony, Bhiwani - HSPCB","02-12-2025 22:00:00",28.806223,76.141105,NH3,1,9,8
India,Haryana,Bhiwani,"H.B. Colony, Bhiwani - HSPCB","02-12-2025 22:00:00",28.806223,76.141105,CO,10,14,12
India,Haryana,"Charkhi Dadri","Mini Secretariat, Charkhi Dadri - HSPCB","02-12-2025 22:00:00",28.593883,76.270653,PM2.5,276,359,319
India,Haryana,"Charkhi Dadri","Mini Secretariat, Charkhi Dadri - HSPCB","02-12-2025 22:00:00",28.593883,76.270653,PM10,154,265,195
India,Haryana,Dharuhera,"Municipal Corporation Office, Dharuhera -  HSPCB","02-12-2025 22:00:00",28.206800,76.799700,CO,4,6,4
India,Haryana,Dharuhera,"Municipal Corporation Office, Dharuhera -  HSPCB","02-12-2025 22:00:00",28.206800,76.799700,OZONE,6,47,31
India,Haryana,Faridabad,"New Industrial Town, Faridabad - HSPCB","02-12-2025 22:00:00",28.39072,77.30059,NO2,24,27,25
India,Haryana,Faridabad,"New Industrial Town, Faridabad - HSPCB","02-12-2025 22:00:00",28.39072,77.30059,SO2,8,9,8
India,Haryana,Faridabad,"New Industrial Town, Faridabad - HSPCB","02-12-2025 22:00:00",28.39072,77.30059,OZONE,26,35,30
India,Haryana,Panchgaon,"Amity University, Panchgaon - IITM","02-12-2025 22:00:00",28.3153,76.9143,NH3,4,7,5
India,Haryana,Panchgaon,"Amity University, Panchgaon - IITM","02-12-2025 22:00:00",28.3153,76.9143,SO2,5,15,9
India,Haryana,Panipat,"Sector-18, Panipat - HSPCB","02-12-2025 22:00:00",29.432304,76.972765,PM2.5,85,349,242
India,Haryana,Panipat,"Sector-18, Panipat - HSPCB","02-12-2025 22:00:00",29.432304,76.972765,NH3,2,3,2
India,Haryana,Panipat,"Sector-18, Panipat - HSPCB","02-12-2025 22:00:00",29.432304,76.972765,CO,32,48,46
India,Haryana,Sonipat,"Murthal, Sonipat - HSPCB","02-12-2025 22:00:00",29.027200,77.062100,PM2.5,151,418,308
India,Haryana,Sonipat,"Murthal, Sonipat - HSPCB","02-12-2025 22:00:00",29.027200,77.062100,SO2,7,12,8
India,Gujarat,Gandhinagar,"IIPHG Lekawada, Gandhinagar - IITM","02-12-2025 22:00:00",23.243639,72.68994,OZONE,5,39,24
India,Gujarat,Gandhinagar,"Sector-10, Gandhinagar - GPCB","02-12-2025 22:00:00",23.221714,72.654328,PM2.5,40,202,71
India,Gujarat,Nandesari,"GIDC, Nandesari - Nandesari Ind. Association","02-12-2025 22:00:00",22.410802,73.097923,NO2,10,99,32
India,Gujarat,Vapi,"Phase-1 GIDC, Vapi - GPCB","02-12-2025 22:00:00",20.362421,72.918013,PM2.5,43,126,82
India,Gujarat,Vapi,"Phase-1 GIDC, Vapi - GPCB","02-12-2025 22:00:00",20.362421,72.918013,PM10,48,104,79
India,Haryana,Kaithal,"Rishi Nagar, Kaithal - HSPCB","02-12-2025 22:00:00",29.8006,76.4155,PM10,82,174,119
India,Haryana,Kaithal,"Rishi Nagar, Kaithal - HSPCB","02-12-2025 22:00:00",29.8006,76.4155,NH3,5,6,6
India,Haryana,Kaithal,"Rishi Nagar, Kaithal - HSPCB","02-12-2025 22:00:00",29.8006,76.4155,SO2,28,34,31
India,Haryana,Kaithal,"Rishi Nagar, Kaithal - HSPCB","02-12-2025 22:00:00",29.8006,76.4155,CO,8,127,41
India,Haryana,Karnal,"Sector-12, Karnal - HSPCB","02-12-2025 22:00:00",29.695300,77.002700,NH3,6,7,6
India,Haryana,Kurukshetra,"Sector-7, Kurukshetra - HSPCB","02-12-2025 22:00:00",29.966942,76.875879,SO2,NA,NA,NA
India,Gujarat,Vapi,"Phase-1 GIDC, Vapi - GPCB","02-12-2025 22:00:00",20.362421,72.918013,NO2,17,40,29
India,Gujarat,Vatva,"Phase-4 GIDC, Vatva - GPCB","02-12-2025 22:00:00",22.969611,72.643500,PM10,95,120,105
India,Gujarat,Vatva,"Phase-4 GIDC, Vatva - GPCB","02-12-2025 22:00:00",22.969611,72.643500,CO,9,57,26
India,Haryana,Ballabgarh,"Nathu Colony, Ballabgarh - HSPCB","02-12-2025 22:00:00",28.3419248,77.319699,NH3,3,3,3
India,Haryana,Faridabad,"Sector 11, Faridabad - HSPCB","02-12-2025 22:00:00",28.376058,77.315741,NO2,30,33,31
India,Haryana,Faridabad,"Sector 11, Faridabad - HSPCB","02-12-2025 22:00:00",28.376058,77.315741,SO2,3,125,21
India,Haryana,Gurugram,"NISE Gwal Pahari, Gurugram - IMD","02-12-2025 22:00:00",28.422681,77.148944,OZONE,7,83,52
India,Haryana,Gurugram,"Sector-51, Gurugram - HSPCB","02-12-2025 22:00:00",28.4227,77.0667,PM10,145,500,307
India,Gujarat,Ahmedabad,"SAC ISRO Satellite, Ahmedabad - IITM","02-12-2025 22:00:00",23.023389,72.515201,NO2,9,73,44
India,Gujarat,Ahmedabad,"SAC ISRO Satellite, Ahmedabad - IITM","02-12-2025 22:00:00",23.023389,72.515201,NH3,7,36,18
India,Gujarat,Ahmedabad,"SVPI Airport Hansol, Ahmedabad - IITM","02-12-2025 22:00:00",23.076793,72.627874,NH3,NA,NA,NA
India,Gujarat,Ahmedabad,"SVPI Airport Hansol, Ahmedabad - IITM","02-12-2025 22:00:00",23.076793,72.627874,OZONE,1,43,27
India,Haryana,Mandikhera,"General Hospital, Mandikhera(Nuh) - HSPCB","02-12-2025 22:00:00",27.9002,76.9938,OZONE,NA,NA,NA
India,Haryana,Narnaul,"Shastri Nagar, Narnaul - HSPCB","02-12-2025 22:00:00",28.060249,76.113115,OZONE,4,10,7
India,Haryana,Gurugram,"Teri Gram, Gurugram - HSPCB","02-12-2025 22:00:00",28.4275,77.1465,NH3,12,20,16
India,Haryana,"Yamuna Nagar","Gobind Pura, Yamuna Nagar - HSPCB","02-12-2025 22:00:00",30.1480566,77.2893471,NO2,11,20,14
India,Haryana,"Yamuna Nagar","Gobind Pura, Yamuna Nagar - HSPCB","02-12-2025 22:00:00",30.1480566,77.2893471,SO2,10,15,12
India,"Himachal Pradesh",Baddi,"HIMUDA Complex Phase-1, Baddi - HPPCB","02-12-2025 22:00:00",30.943887,76.801991,PM2.5,60,280,137
India,"Himachal Pradesh",Baddi,"HIMUDA Complex Phase-1, Baddi - HPPCB","02-12-2025 22:00:00",30.943887,76.801991,SO2,29,101,49
India,"Himachal Pradesh",Baddi,"HIMUDA Complex Phase-1, Baddi - HPPCB","02-12-2025 22:00:00",30.943887,76.801991,CO,51,119,68
India,Jammu_and_Kashmir,Srinagar,"Rajbagh, Srinagar - JKSPCB","02-12-2025 22:00:00",34.066206,74.819820,PM2.5,NA,NA,NA
India,Jammu_and_Kashmir,Srinagar,"Rajbagh, Srinagar - JKSPCB","02-12-2025 22:00:00",34.066206,74.819820,PM10,NA,NA,NA
India,Jammu_and_Kashmir,Srinagar,"Rajbagh, Srinagar - JKSPCB","02-12-2025 22:00:00",34.066206,74.819820,CO,2,12,6
India,Jharkhand,Dhanbad,"Sardar Patel Nagar, Dhanbad - JSPCB","02-12-2025 22:00:00",23.80569,86.44268,PM10,81,342,169
India,Jharkhand,Jorapokhar,"Tata Stadium, Jorapokhar - JSPCB","02-12-2025 22:00:00",23.707909,86.414670,PM2.5,NA,NA,NA
India,Karnataka,Belgaum,"Ramteerth Nagar, Belgaum - KSPCB","02-12-2025 22:00:00",15.888653,74.541751,PM10,70,132,96
India,Karnataka,Belgaum,"Ramteerth Nagar, Belgaum - KSPCB","02-12-2025 22:00:00",15.888653,74.541751,NH3,8,11,10
India,Karnataka,Belgaum,"Ramteerth Nagar, Belgaum - KSPCB","02-12-2025 22:00:00",15.888653,74.541751,CO,4,7,6
India,Karnataka,Bengaluru,"BTM Layout, Bengaluru - CPCB","02-12-2025 22:00:00",12.9135218,77.5950804,PM10,76,98,90
India,Karnataka,Bengaluru,"BTM Layout, Bengaluru - CPCB","02-12-2025 22:00:00",12.9135218,77.5950804,NH3,5,6,5
India,Karnataka,Bengaluru,"BWSSB Kadabesanahalli, Bengaluru - CPCB","02-12-2025 22:00:00",12.9352049,77.6814488,NH3,1,1,1
India,Karnataka,Bengaluru,"BWSSB Kadabesanahalli, Bengaluru - CPCB","02-12-2025 22:00:00",12.9352049,77.6814488,OZONE,21,59,31
India,Karnataka,Bengaluru,"City Railway Station, Bengaluru - KSPCB","02-12-2025 22:00:00",12.9756843,77.5660749,NO2,37,42,39
India,Karnataka,Bengaluru,"Hebbal, Bengaluru - KSPCB","02-12-2025 22:00:00",13.029152,77.585901,PM10,16,102,42
India,Karnataka,Bengaluru,"Hebbal, Bengaluru - KSPCB","02-12-2025 22:00:00",13.029152,77.585901,SO2,3,7,5
India,Karnataka,Bengaluru,"Hebbal, Bengaluru - KSPCB","02-12-2025 22:00:00",13.029152,77.585901,OZONE,7,9,8
India,Karnataka,Bengaluru,"Hombegowda Nagar, Bengaluru - KSPCB","02-12-2025 22:00:00",12.938539,77.590100,NO2,9,47,21
India,Karnataka,Bengaluru,"Kasturi Nagar, Bengaluru - KSPCB","02-12-2025 22:00:00",13.003872,77.664217,PM10,70,72,71
India,Karnataka,Bengaluru,"Kasturi Nagar, Bengaluru - KSPCB","02-12-2025 22:00:00",13.003872,77.664217,CO,38,64,46
India,Karnataka,Bengaluru,"Peenya, Bengaluru - CPCB","02-12-2025 22:00:00",13.0270199,77.494094,PM2.5,18,56,29
India,Karnataka,Bengaluru,"Peenya, Bengaluru - CPCB","02-12-2025 22:00:00",13.0270199,77.494094,PM10,48,53,50
India,Karnataka,Bengaluru,"Shivapura_Peenya, Bengaluru - KSPCB","02-12-2025 22:00:00",13.0246342,77.5080115,PM10,54,107,78
India,Karnataka,Bengaluru,"Shivapura_Peenya, Bengaluru - KSPCB","02-12-2025 22:00:00",13.0246342,77.5080115,NH3,5,5,5
India,Karnataka,Bengaluru,"Silk Board, Bengaluru - KSPCB","02-12-2025 22:00:00",12.917348,77.622813,PM10,33,108,51
India,Karnataka,Chamarajanagar,"Urban, Chamarajanagar - KSPCB","02-12-2025 22:00:00",11.55358,76.55521,NH3,1,3,2
India,Karnataka,Chamarajanagar,"Urban, Chamarajanagar - KSPCB","02-12-2025 22:00:00",11.55358,76.55521,SO2,2,8,4
India,Karnataka,Chikkamagaluru,"Kalyana Nagara, Chikkamagaluru - KSPCB","02-12-2025 22:00:00",13.328028,75.797056,SO2,2,9,6
India,Karnataka,Chikkamagaluru,"Kalyana Nagara, Chikkamagaluru - KSPCB","02-12-2025 22:00:00",13.328028,75.797056,OZONE,32,42,38
India,Karnataka,Davanagere,"Devaraj Urs Badavane, Davanagere - KSPCB","02-12-2025 22:00:00",14.475800,75.905200,PM10,29,94,56
India,Karnataka,Davanagere,"Devaraj Urs Badavane, Davanagere - KSPCB","02-12-2025 22:00:00",14.475800,75.905200,CO,44,61,50
India,Karnataka,Dharwad,"Kalabhavan, Dharwad - KSPCB","02-12-2025 22:00:00",15.459706,75.008381,PM10,76,105,89
India,Karnataka,Hubballi,"Lingaraj Nagar, Hubballi - KSPCB","02-12-2025 22:00:00",15.3714823,75.1160168,NH3,2,3,2
India,Karnataka,Hubballi,"Lingaraj Nagar, Hubballi - KSPCB","02-12-2025 22:00:00",15.3714823,75.1160168,SO2,1,2,1
India,Karnataka,Hubballi,"Lingaraj Nagar, Hubballi - KSPCB","02-12-2025 22:00:00",15.3714823,75.1160168,CO,16,36,27
India,Karnataka,Kalaburagi,"Lal Bahadur Shastri Nagar, Kalaburagi - KSPCB","02-12-2025 22:00:00",17.321993,76.822628,NO2,11,12,12
India,Karnataka,Kalaburagi,"Lal Bahadur Shastri Nagar, Kalaburagi - KSPCB","02-12-2025 22:00:00",17.321993,76.822628,OZONE,19,21,20
India,Karnataka,Kalaburagi,"Mahatma Basaveswar Colony, Kalaburgi - KSPCB","02-12-2025 22:00:00",17.336318,76.847397,PM2.5,26,66,38
India,Karnataka,Kalaburagi,"Mahatma Basaveswar Colony, Kalaburgi - KSPCB","02-12-2025 22:00:00",17.336318,76.847397,NO2,13,18,16
India,Karnataka,Kalaburagi,"Mahatma Basaveswar Colony, Kalaburgi - KSPCB","02-12-2025 22:00:00",17.336318,76.847397,NH3,3,4,3
India,Andhra_Pradesh,Vijayawada,"Rajiv Nagar, Vijayawada - APPCB","02-12-2025 22:00:00",16.554731,80.649110,PM10,35,46,41
India,Andhra_Pradesh,Vijayawada,"Rajiv Nagar, Vijayawada - APPCB","02-12-2025 22:00:00",16.554731,80.649110,CO,25,50,40
India,Andhra_Pradesh,Vijayawada,"Rajiv Nagar, Vijayawada - APPCB","02-12-2025 22:00:00",16.554731,80.649110,OZONE,62,82,70
India,Andhra_Pradesh,Visakhapatnam,"GVM Corporation, Visakhapatnam - APPCB","02-12-2025 22:00:00",17.72,83.3,PM2.5,93,168,124
India,Andhra_Pradesh,Visakhapatnam,"GVM Corporation, Visakhapatnam - APPCB","02-12-2025 22:00:00",17.72,83.3,SO2,3,15,10
India,Andhra_Pradesh,Visakhapatnam,"GVM Corporation, Visakhapatnam - APPCB","02-12-2025 22:00:00",17.72,83.3,OZONE,41,56,46
India,Arunachal_Pradesh,Naharlagun,"Naharlagun, Naharlagun - APSPCB","02-12-2025 22:00:00",27.103358,93.679645,SO2,8,9,9
India,Arunachal_Pradesh,Naharlagun,"Naharlagun, Naharlagun - APSPCB","02-12-2025 22:00:00",27.103358,93.679645,CO,11,68,35
India,Assam,Byrnihat,"Central Academy for SFS, Byrnihat - PCBA","02-12-2025 22:00:00",26.071318,91.87488,PM2.5,78,127,97
India,Assam,Byrnihat,"Central Academy for SFS, Byrnihat - PCBA","02-12-2025 22:00:00",26.071318,91.87488,PM10,70,101,84
India,Bihar,Aurangabad,"Gurdeo Nagar, Aurangabad - BSPCB","02-12-2025 22:00:00",24.75746,84.366208,NH3,1,2,2
India,Bihar,Aurangabad,"Gurdeo Nagar, Aurangabad - BSPCB","02-12-2025 22:00:00",24.75746,84.366208,CO,101,103,102
India,Bihar,Begusarai,"Lohiyanagar, Begusarai - BSPCB","02-12-2025 22:00:00",25.42742023,86.13886079,PM2.5,55,333,97
India,Bihar,Begusarai,"Lohiyanagar, Begusarai - BSPCB","02-12-2025 22:00:00",25.42742023,86.13886079,NH3,1,5,2
India,Bihar,Begusarai,"Lohiyanagar, Begusarai - BSPCB","02-12-2025 22:00:00",25.42742023,86.13886079,CO,32,33,32
India,Bihar,Bettiah,"Kamalnath Nagar, Bettiah - BSPCB","02-12-2025 22:00:00",26.80365,84.51954,PM2.5,62,309,166
India,Bihar,Bettiah,"Kamalnath Nagar, Bettiah - BSPCB","02-12-2025 22:00:00",26.80365,84.51954,NO2,7,10,8
India,Bihar,Bettiah,"Kamalnath Nagar, Bettiah - BSPCB","02-12-2025 22:00:00",26.80365,84.51954,NH3,1,1,1
India,Bihar,Bettiah,"Kamalnath Nagar, Bettiah - BSPCB","02-12-2025 22:00:00",26.80365,84.51954,OZONE,22,23,22
India,Bihar,Bhagalpur,"DM Office_Kachari Chowk, Bhagalpur - BSPCB","02-12-2025 22:00:00",25.251013,86.989001,SO2,38,62,50
India,Andhra_Pradesh,Tirumala,"Toll Gate, Tirumala - APPCB","02-12-2025 22:00:00",13.67,79.35,NO2,11,19,17
India,Andhra_Pradesh,Tirumala,"Toll Gate, Tirumala - APPCB","02-12-2025 22:00:00",13.67,79.35,SO2,5,7,6
India,Andhra_Pradesh,Tirumala,"Toll Gate, Tirumala - APPCB","02-12-2025 22:00:00",13.67,79.35,OZONE,2,256,7
India,Andhra_Pradesh,Tirupati,"Vaikuntapuram, Tirupati - APPCB","02-12-2025 22:00:00",13.615387,79.409230,SO2,7,10,8
India,Andhra_Pradesh,Vijayawada,"HB Colony, Vijayawada - APPCB","02-12-2025 22:00:00",16.536107,80.594233,PM10,47,77,56
India,Andhra_Pradesh,Vijayawada,"HB Colony, Vijayawada - APPCB","02-12-2025 22:00:00",16.536107,80.594233,NH3,3,5,4
India,Assam,Silchar,"Tarapur, Silchar - PCBA","02-12-2025 22:00:00",24.82827,92.79525,NH3,1,2,1
India,Assam,Sivasagar,"Girls College, Sivasagar - PCBA","02-12-2025 22:00:00",26.987634,94.636574,NO2,21,42,29
India,Bihar,Arrah,"New DM Office, Arrah - BSPCB","02-12-2025 22:00:00",25.5626095,84.663264,NH3,NA,NA,NA
India,Bihar,Arrah,"New DM Office, Arrah - BSPCB","02-12-2025 22:00:00",25.5626095,84.663264,CO,34,72,51
India,Bihar,Aurangabad,"Gurdeo Nagar, Aurangabad - BSPCB","02-12-2025 22:00:00",24.75746,84.366208,PM2.5,22,223,54
India,Andhra_Pradesh,Amaravati,"Secretariat, Amaravati - APPCB","02-12-2025 22:00:00",16.5150833,80.5181667,SO2,2,6,4
India,Andhra_Pradesh,Chittoor,"Gangineni Cheruvu, Chittoor - APPCB","02-12-2025 22:00:00",13.204880,79.097889,SO2,7,33,16
India,Andhra_Pradesh,Kadapa,"Yerramukkapalli, Kadapa - APPCB","02-12-2025 22:00:00",14.465052,78.824187,NH3,3,5,4
India,Andhra_Pradesh,Rajamahendravaram,"Anand Kala Kshetram, Rajamahendravaram - APPCB","02-12-2025 22:00:00",16.9872867,81.7363176,NO2,14,40,26
India,Bihar,Bhagalpur,"Mayaganj, Bhagalpur - BSPCB","02-12-2025 22:00:00",25.265194,87.012947,OZONE,17,93,67
India,Bihar,"Bihar Sharif","D M Colony, Bihar Sharif - BSPCB","02-12-2025 22:00:00",25.204762,85.514960,PM2.5,43,233,131
India,Bihar,"Bihar Sharif","D M Colony, Bihar Sharif - BSPCB","02-12-2025 22:00:00",25.204762,85.514960,PM10,34,123,86
India,Bihar,Buxar,"Charitra Van, Buxar - BSPCB","02-12-2025 22:00:00",25.567520,83.966379,NH3,3,3,3
India,Bihar,Buxar,"Charitra Van, Buxar - BSPCB","02-12-2025 22:00:00",25.567520,83.966379,SO2,3,11,6
India,Bihar,Gaya,"Kareemganj, Gaya - BSPCB","02-12-2025 22:00:00",24.792403,84.992416,OZONE,1,13,8
India,Bihar,Gaya,"SFTI Kusdihra, Gaya - BSPCB","02-12-2025 22:00:00",24.762518,84.982348,NH3,3,3,3
India,Bihar,Gaya,"SFTI Kusdihra, Gaya - BSPCB","02-12-2025 22:00:00",24.762518,84.982348,SO2,6,13,9
India,Bihar,Gaya,"SFTI Kusdihra, Gaya - BSPCB","02-12-2025 22:00:00",24.762518,84.982348,CO,11,46,27
India,Bihar,Katihar,"Mirchaibari, Katihar - BSPCB","02-12-2025 22:00:00",25.560083,87.553265,OZONE,4,9,7
India,Bihar,Kishanganj,"SDM Office_Khagra, Kishanganj - BSPCB","02-12-2025 22:00:00",26.0881305,87.93840336,CO,18,26,23
India,Bihar,Manguraha,"Forest Rest House, Manguraha - BSPCB","02-12-2025 22:00:00",27.308328,84.531742,NO2,4,13,7
India,Bihar,Muzaffarpur,"Buddha Colony, Muzaffarpur - BSPCB","02-12-2025 22:00:00",26.11442,85.39813,PM2.5,94,271,204
India,Assam,Guwahati,"Pan Bazaar, Guwahati - PCBA","02-12-2025 22:00:00",26.187500,91.744194,PM10,63,125,92
India,Assam,Guwahati,"Pan Bazaar, Guwahati - PCBA","02-12-2025 22:00:00",26.187500,91.744194,SO2,28,45,36
India,Assam,Guwahati,"Pan Bazaar, Guwahati - PCBA","02-12-2025 22:00:00",26.187500,91.744194,CO,22,78,35
India,Andhra_Pradesh,Vijayawada,"Rajiv Gandhi Park, Vijayawada - APPCB","02-12-2025 22:00:00",16.509717,80.612222,NO2,41,59,53
India,Bihar,Muzaffarpur,"MIT-Daudpur Kothi, Muzaffarpur - BSPCB","02-12-2025 22:00:00",26.1403345,85.3650192,NH3,1,1,1
India,Bihar,Muzaffarpur,"MIT-Daudpur Kothi, Muzaffarpur - BSPCB","02-12-2025 22:00:00",26.1403345,85.3650192,CO,52,70,62
India,Bihar,Muzaffarpur,"Muzaffarpur Collectorate, Muzaffarpur - BSPCB","02-12-2025 22:00:00",26.1209,85.3647,NO2,10,16,13
India,Bihar,Muzaffarpur,"Muzaffarpur Collectorate, Muzaffarpur - BSPCB","02-12-2025 22:00:00",26.1209,85.3647,SO2,5,8,6
India,Bihar,Patna,"Govt. High School Shikarpur, Patna - BSPCB","02-12-2025 22:00:00",25.592539,85.227158,PM10,65,100,80
India,Bihar,Patna,"IGSC Planetarium Complex, Patna - BSPCB","02-12-2025 22:00:00",25.610369,85.132568,NO2,12,14,13
India,Bihar,Patna,"IGSC Planetarium Complex, Patna - BSPCB","02-12-2025 22:00:00",25.610369,85.132568,SO2,19,22,20
India,Bihar,Patna,"IGSC Planetarium Complex, Patna - BSPCB","02-12-2025 22:00:00",25.610369,85.132568,CO,56,60,59
India,Bihar,Patna,"Muradpur, Patna - BSPCB","02-12-2025 22:00:00",25.619651,85.147382,PM10,73,263,129
India,Bihar,Patna,"Muradpur, Patna - BSPCB","02-12-2025 22:00:00",25.619651,85.147382,NH3,4,5,5
India,Delhi,Delhi,"Alipur, Delhi - DPCC","02-12-2025 22:00:00",28.815329,77.153010,PM10,196,479,323
India,Delhi,Delhi,"Alipur, Delhi - DPCC","02-12-2025 22:00:00",28.815329,77.153010,NH3,19,20,19
India,Delhi,Delhi,"Anand Vihar, Delhi - DPCC","02-12-2025 22:00:00",28.647622,77.3158090,PM2.5,348,500,419
India,Delhi,Delhi,"Ashok Vihar, Delhi - DPCC","02-12-2025 22:00:00",28.695381,77.181665,NH3,6,7,6
India,Delhi,Delhi,"Ashok Vihar, Delhi - DPCC","02-12-2025 22:00:00",28.695381,77.181665,SO2,20,56,35
India,Delhi,Delhi,"Ashok Vihar, Delhi - DPCC","02-12-2025 22:00:00",28.695381,77.181665,CO,8,144,77
India,Delhi,Delhi,"Aya Nagar, Delhi - IMD","02-12-2025 22:00:00",28.4706914,77.1099364,NO2,11,72,46
India,Delhi,Delhi,"Aya Nagar, Delhi - IMD","02-12-2025 22:00:00",28.4706914,77.1099364,CO,42,121,64
India,Chhattisgarh,Raipur,"AIIMS, Raipur - CECB","02-12-2025 22:00:00",21.258815,81.578979,NO2,65,80,71
India,Chhattisgarh,Raipur,"AIIMS, Raipur - CECB","02-12-2025 22:00:00",21.258815,81.578979,CO,30,66,41
India,Chhattisgarh,Raipur,"Krishak Nagar, Raipur - CECB","02-12-2025 22:00:00",21.237755,81.705301,NH3,2,2,2
India,Chhattisgarh,Raipur,"Krishak Nagar, Raipur - CECB","02-12-2025 22:00:00",21.237755,81.705301,OZONE,1,3,2
India,Chhattisgarh,Raipur,"Siltara Phase-II, Raipur - CECB","02-12-2025 22:00:00",21.371751,81.664929,SO2,3,9,5
India,Chhattisgarh,Raipur,"Siltara Phase-II, Raipur - CECB","02-12-2025 22:00:00",21.371751,81.664929,CO,34,36,35
India,Chhattisgarh,Tumidih,"OP Jindal Industrial Park, Tumidih - CECB","02-12-2025 22:00:00",22.06631475,83.33820077,CO,NA,NA,NA
India,Bihar,Saharsa,"Police Line, Saharsa - BSPCB","02-12-2025 22:00:00",25.892357,86.590325,SO2,16,18,17
India,Bihar,Saharsa,"Police Line, Saharsa - BSPCB","02-12-2025 22:00:00",25.892357,86.590325,CO,36,42,40
India,Bihar,Samastipur,"DM Office_Kasipur, Samastipur - BSPCB","02-12-2025 22:00:00",25.859655,85.77944,NO2,7,11,9
India,Bihar,Siwan,"Chitragupta Nagar, Siwan - BSPCB","02-12-2025 22:00:00",26.2271665,84.3570427,PM10,47,111,80
India,Bihar,Siwan,"Chitragupta Nagar, Siwan - BSPCB","02-12-2025 22:00:00",26.2271665,84.3570427,CO,31,36,34
India,Chandigarh,Chandigarh,"Sector 22, Chandigarh - CPCC","02-12-2025 22:00:00",30.735567,76.775714,CO,60,123,90
India,Chandigarh,Chandigarh,"Sector-25, Chandigarh - CPCC","02-12-2025 22:00:00",30.751462,76.762879,CO,33,82,37
India,Chandigarh,Chandigarh,"Sector-53, Chandigarh - CPCC","02-12-2025 22:00:00",30.719859,76.738637,SO2,2,28,15
India,Chhattisgarh,Bhilai,"Civic Center, Bhilai - Bhilai Steel Plant","02-12-2025 22:00:00",21.185571,81.343175,PM10,35,94,56
India,Chhattisgarh,Bhilai,"Hathkhoj, Bhilai - CECB","02-12-2025 22:00:00",21.224231,81.408350,NH3,NA,NA,NA
India,Chhattisgarh,Bilaspur,"Mangala, Bilaspur - NTPC","02-12-2025 22:00:00",22.08815,82.13737,PM2.5,67,304,106
India,Chhattisgarh,Chhal,"Nawapara SECL Colony, Chhal - CECB","02-12-2025 22:00:00",22.118125,83.140608,PM2.5,56,147,82
India,Chhattisgarh,Korba,"Urja Nagar, Korba - CECB","02-12-2025 22:00:00",22.348441,82.549611,PM2.5,70,86,71
India,Chhattisgarh,Korba,"Urja Nagar, Korba - CECB","02-12-2025 22:00:00",22.348441,82.549611,SO2,1,18,6
India,Chhattisgarh,Korba,"Urja Nagar, Korba - CECB","02-12-2025 22:00:00",22.348441,82.549611,OZONE,35,36,35
India,Chhattisgarh,Kunjemura,"OP Jindal School, Kunjemura - CECB","02-12-2025 22:00:00",22.126650,83.483212,CO,19,52,27
India,Bihar,Patna,"Samanpura, Patna - BSPCB","02-12-2025 22:00:00",25.596727,85.085624,PM10,94,167,136
India,Bihar,Patna,"Samanpura, Patna - BSPCB","02-12-2025 22:00:00",25.596727,85.085624,CO,2,101,54
India,Bihar,Purnia,"Mariam Nagar, Purnia - BSPCB","02-12-2025 22:00:00",25.366336,87.117468,PM2.5,33,160,79
India,Bihar,Purnia,"Mariam Nagar, Purnia - BSPCB","02-12-2025 22:00:00",25.366336,87.117468,PM10,29,109,65
India,Delhi,Delhi,"Burari Crossing, Delhi - IMD","02-12-2025 22:00:00",28.7256504,77.2011573,CO,33,118,65
India,Delhi,Delhi,"Chandni Chowk, Delhi - IITM","02-12-2025 22:00:00",28.656756,77.227234,CO,53,120,71
India,Delhi,Delhi,"DTU, Delhi - CPCB","02-12-2025 22:00:00",28.7500499,77.1112615,PM2.5,318,500,408
India,Gujarat,Ahmedabad,"Rakhial, Ahmedabad - IITM","02-12-2025 22:00:00",23.016834,72.625775,CO,35,131,70
India,Gujarat,Ahmedabad,"SAC ISRO Bopal, Ahmedabad - IITM","02-12-2025 22:00:00",23.041137,72.456691,PM2.5,NA,NA,NA
India,Gujarat,Ahmedabad,"SAC ISRO Bopal, Ahmedabad - IITM","02-12-2025 22:00:00",23.041137,72.456691,NO2,19,66,40
India,Gujarat,Ahmedabad,"SAC ISRO Bopal, Ahmedabad - IITM","02-12-2025 22:00:00",23.041137,72.456691,NH3,11,22,16
India,Gujarat,Ahmedabad,"SAC ISRO Bopal, Ahmedabad - IITM","02-12-2025 22:00:00",23.041137,72.456691,CO,2,50,13
India,Gujarat,Ahmedabad,"SAC ISRO Satellite, Ahmedabad - IITM","02-12-2025 22:00:00",23.023389,72.515201,SO2,4,116,16
India,Gujarat,Ahmedabad,"SAC ISRO Satellite, Ahmedabad - IITM","02-12-2025 22:00:00",23.023389,72.515201,CO,15,106,58
India,Gujarat,Ahmedabad,"SAC ISRO Satellite, Ahmedabad - IITM","02-12-2025 22:00:00",23.023389,72.515201,OZONE,1,44,23
India,Gujarat,Ahmedabad,"SVPI Airport Hansol, Ahmedabad - IITM","02-12-2025 22:00:00",23.076793,72.627874,PM10,96,188,143
India,Gujarat,Ahmedabad,"SVPI Airport Hansol, Ahmedabad - IITM","02-12-2025 22:00:00",23.076793,72.627874,CO,19,106,37
India,Gujarat,Ankleshwar,"GIDC, Ankleshwar - GPCB","02-12-2025 22:00:00",21.613267,73.010555,PM10,77,270,140
India,Gujarat,Ankleshwar,"GIDC, Ankleshwar - GPCB","02-12-2025 22:00:00",21.613267,73.010555,NO2,14,22,17
India,Delhi,Delhi,"Dr. Karni Singh Shooting Range, Delhi - DPCC","02-12-2025 22:00:00",28.498571,77.264840,PM2.5,302,466,407
India,Delhi,Delhi,"Dr. Karni Singh Shooting Range, Delhi - DPCC","02-12-2025 22:00:00",28.498571,77.264840,PM10,159,461,355
India,Delhi,Delhi,"Dr. Karni Singh Shooting Range, Delhi - DPCC","02-12-2025 22:00:00",28.498571,77.264840,NO2,51,205,128
India,Delhi,Delhi,"Dr. Karni Singh Shooting Range, Delhi - DPCC","02-12-2025 22:00:00",28.498571,77.264840,CO,47,123,83
India,Delhi,Delhi,"Dwarka-Sector 8, Delhi - DPCC ","02-12-2025 22:00:00",28.5710274,77.0719006,OZONE,4,268,106
India,Delhi,Delhi,"IGI Airport (T3), Delhi - IMD","02-12-2025 22:00:00",28.5627763,77.1180053,NO2,3,172,133
India,Delhi,Delhi,"IHBAS, Dilshad Garden, Delhi - CPCB","02-12-2025 22:00:00",28.6811736,77.3025234,CO,43,99,63
India,Delhi,Delhi,"IIT Delhi, Delhi - IITM","02-12-2025 22:00:00",28.542460,77.191651,PM10,157,371,268
India,Delhi,Delhi,"IIT Delhi, Delhi - IITM","02-12-2025 22:00:00",28.542460,77.191651,NO2,46,136,77
India,Delhi,Delhi,"Sonia Vihar, Delhi - DPCC","02-12-2025 22:00:00",28.710508,77.249485,NO2,35,113,67
India,Delhi,Delhi,"Sonia Vihar, Delhi - DPCC","02-12-2025 22:00:00",28.710508,77.249485,NH3,7,10,8
India,Delhi,Delhi,"Sonia Vihar, Delhi - DPCC","02-12-2025 22:00:00",28.710508,77.249485,CO,94,152,105
India,Delhi,Delhi,"Sri Aurobindo Marg, Delhi - DPCC","02-12-2025 22:00:00",28.531346,77.190156,CO,36,143,83
India,Delhi,Delhi,"Sri Aurobindo Marg, Delhi - DPCC","02-12-2025 22:00:00",28.531346,77.190156,OZONE,1,145,76
India,Delhi,Delhi,"Vivek Vihar, Delhi - DPCC","02-12-2025 22:00:00",28.672342,77.315260,PM2.5,371,500,433
India,Delhi,Delhi,"Vivek Vihar, Delhi - DPCC","02-12-2025 22:00:00",28.672342,77.315260,NH3,11,14,12
India,Delhi,Delhi,"Vivek Vihar, Delhi - DPCC","02-12-2025 22:00:00",28.672342,77.315260,SO2,12,119,34
India,Delhi,Delhi,"Wazirpur, Delhi - DPCC","02-12-2025 22:00:00",28.699793,77.165453,PM2.5,336,489,428
India,Delhi,Delhi,"Wazirpur, Delhi - DPCC","02-12-2025 22:00:00",28.699793,77.165453,PM10,290,500,435
India,Delhi,Delhi,"Major Dhyan Chand National Stadium, Delhi - DPCC","02-12-2025 22:00:00",28.611281,77.237738,PM2.5,315,410,352
India,Delhi,Delhi,"Major Dhyan Chand National Stadium, Delhi - DPCC","02-12-2025 22:00:00",28.611281,77.237738,PM10,238,427,315
India,Delhi,Delhi,"Major Dhyan Chand National Stadium, Delhi - DPCC","02-12-2025 22:00:00",28.611281,77.237738,OZONE,1,301,144
India,Delhi,Delhi,"Mandir Marg, Delhi - DPCC","02-12-2025 22:00:00",28.636429,77.201067,PM10,189,416,347
India,Delhi,Delhi,"Mandir Marg, Delhi - DPCC","02-12-2025 22:00:00",28.636429,77.201067,NH3,9,14,11
India,Delhi,Delhi,"Mandir Marg, Delhi - DPCC","02-12-2025 22:00:00",28.636429,77.201067,OZONE,4,147,68
India,Delhi,Delhi,"Mundka, Delhi - DPCC","02-12-2025 22:00:00",28.684678,77.076574,PM2.5,325,495,412
India,Delhi,Delhi,"Mundka, Delhi - DPCC","02-12-2025 22:00:00",28.684678,77.076574,NO2,113,174,141
India,Delhi,Delhi,"Okhla Phase-2, Delhi - DPCC","02-12-2025 22:00:00",28.530785,77.271255,SO2,14,29,22
India,Delhi,Delhi,"Okhla Phase-2, Delhi - DPCC","02-12-2025 22:00:00",28.530785,77.271255,OZONE,7,301,144
India,Delhi,Delhi,"Patparganj, Delhi - DPCC","02-12-2025 22:00:00",28.623763,77.287209,PM10,282,437,382
India,Delhi,Delhi,"Patparganj, Delhi - DPCC","02-12-2025 22:00:00",28.623763,77.287209,CO,50,149,87
India,Delhi,Delhi,"Punjabi Bagh, Delhi - DPCC","02-12-2025 22:00:00",28.674045,77.131023,NH3,4,6,5
India,Delhi,Delhi,"Pusa, Delhi - DPCC","02-12-2025 22:00:00",28.639652,77.146275,NH3,5,12,7
India,Delhi,Delhi,"Pusa, Delhi - IMD","02-12-2025 22:00:00",28.636110,77.173332,PM10,218,415,323
India,Delhi,Delhi,"Najafgarh, Delhi - DPCC","02-12-2025 22:00:00",28.570173,76.933762,PM2.5,314,441,384
India,Delhi,Delhi,"Najafgarh, Delhi - DPCC","02-12-2025 22:00:00",28.570173,76.933762,SO2,4,36,22
India,Delhi,Delhi,"Narela, Delhi - DPCC","02-12-2025 22:00:00",28.822836,77.101981,PM10,219,490,361
India,Delhi,Delhi,"Narela, Delhi - DPCC","02-12-2025 22:00:00",28.822836,77.101981,OZONE,1,190,104
India,Delhi,Delhi,"Nehru Nagar, Delhi - DPCC","02-12-2025 22:00:00",28.567890,77.250515,PM10,356,500,430
India,Delhi,Delhi,"Nehru Nagar, Delhi - DPCC","02-12-2025 22:00:00",28.567890,77.250515,SO2,12,58,38
India,Delhi,Delhi,"Okhla Phase-2, Delhi - DPCC","02-12-2025 22:00:00",28.530785,77.271255,PM2.5,365,496,430
India,Delhi,Delhi,"ITO, Delhi - CPCB","02-12-2025 22:00:00",28.628624,77.241060,PM2.5,338,432,389
India,Delhi,Delhi,"ITO, Delhi - CPCB","02-12-2025 22:00:00",28.628624,77.241060,SO2,9,31,20
India,Delhi,Delhi,"ITO, Delhi - CPCB","02-12-2025 22:00:00",28.628624,77.241060,CO,42,140,89
India,Delhi,Delhi,"Jawaharlal Nehru Stadium, Delhi - DPCC","02-12-2025 22:00:00",28.580280,77.233829,NO2,82,197,125
India,Delhi,Delhi,"Lodhi Road, Delhi - IMD","02-12-2025 22:00:00",28.5918245,77.2273074,PM10,184,424,308
India,Delhi,Delhi,"Lodhi Road, Delhi - IMD","02-12-2025 22:00:00",28.5918245,77.2273074,NO2,12,78,39
India,Gujarat,Ahmedabad,"Chandkheda, Ahmedabad - IITM","02-12-2025 22:00:00",23.107969,72.574648,CO,22,105,55
India,Gujarat,Ahmedabad,"Gyaspur, Ahmedabad - IITM","02-12-2025 22:00:00",22.977134,72.553024,PM10,NA,NA,NA
India,Gujarat,Ahmedabad,"Rakhial, Ahmedabad - IITM","02-12-2025 22:00:00",23.016834,72.625775,PM10,105,198,143
India,Gujarat,Ahmedabad,"Rakhial, Ahmedabad - IITM","02-12-2025 22:00:00",23.016834,72.625775,NO2,12,90,50
India,Gujarat,Ahmedabad,"Rakhial, Ahmedabad - IITM","02-12-2025 22:00:00",23.016834,72.625775,SO2,18,65,40
India,Delhi,Delhi,"Shadipur, Delhi - CPCB","02-12-2025 22:00:00",28.6514781,77.1473105,PM2.5,319,363,329
India,Delhi,Delhi,"Shadipur, Delhi - CPCB","02-12-2025 22:00:00",28.6514781,77.1473105,OZONE,6,29,18
India,Delhi,Delhi,"Sirifort, Delhi - CPCB","02-12-2025 22:00:00",28.5504249,77.2159377,NH3,9,12,11
India,Delhi,Delhi,"Sirifort, Delhi - CPCB","02-12-2025 22:00:00",28.5504249,77.2159377,OZONE,15,21,18
India,Haryana,"Yamuna Nagar","Gobind Pura, Yamuna Nagar - HSPCB","02-12-2025 22:00:00",30.1480566,77.2893471,PM10,126,161,146
India,Haryana,"Yamuna Nagar","Gobind Pura, Yamuna Nagar - HSPCB","02-12-2025 22:00:00",30.1480566,77.2893471,CO,6,82,69
India,"Himachal Pradesh",Baddi,"HIMUDA Complex Phase-1, Baddi - HPPCB","02-12-2025 22:00:00",30.943887,76.801991,NO2,24,160,51
India,Jammu_and_Kashmir,Srinagar,"Rajbagh, Srinagar - JKSPCB","02-12-2025 22:00:00",34.066206,74.819820,OZONE,1,2,2
India,Jharkhand,Jorapokhar,"Tata Stadium, Jorapokhar - JSPCB","02-12-2025 22:00:00",23.707909,86.414670,SO2,NA,NA,NA
India,Karnataka,Bagalkot,"Vidayagiri, Bagalkot - KSPCB","02-12-2025 22:00:00",16.172806,75.659694,PM2.5,35,36,35
India,Karnataka,Bagalkot,"Vidayagiri, Bagalkot - KSPCB","02-12-2025 22:00:00",16.172806,75.659694,PM10,53,54,53
India,Haryana,Gurugram,"Sector-51, Gurugram - HSPCB","02-12-2025 22:00:00",28.4227,77.0667,OZONE,7,31,21
India,Haryana,Gurugram,"Teri Gram, Gurugram - HSPCB","02-12-2025 22:00:00",28.4275,77.1465,PM2.5,NA,NA,NA
India,Haryana,Gurugram,"Vikas Sadan, Gurugram - HSPCB","02-12-2025 22:00:00",28.4501238,77.0263051,PM10,146,151,147
India,Haryana,Gurugram,"Vikas Sadan, Gurugram - HSPCB","02-12-2025 22:00:00",28.4501238,77.0263051,SO2,3,8,5
India,Haryana,Hisar,"Urban Estate-II, Hisar - HSPCB","02-12-2025 22:00:00",29.140560,75.744941,PM2.5,68,157,92
India,Haryana,Hisar,"Urban Estate-II, Hisar - HSPCB","02-12-2025 22:00:00",29.140560,75.744941,PM10,44,79,57
India,Haryana,Hisar,"Urban Estate-II, Hisar - HSPCB","02-12-2025 22:00:00",29.140560,75.744941,NO2,20,21,20
India,Haryana,Hisar,"Urban Estate-II, Hisar - HSPCB","02-12-2025 22:00:00",29.140560,75.744941,SO2,9,13,11
India,Haryana,Jind,"Police Lines, Jind - HSPCB","02-12-2025 22:00:00",29.307814,76.337619,NO2,35,51,43
India,Haryana,Faridabad,"Sector 11, Faridabad - HSPCB","02-12-2025 22:00:00",28.376058,77.315741,OZONE,14,15,15
India,Haryana,Faridabad,"Sector 30, Faridabad - HSPCB","02-12-2025 22:00:00",28.4417,77.3217,PM2.5,177,263,216
India,Haryana,Faridabad,"Sector 30, Faridabad - HSPCB","02-12-2025 22:00:00",28.4417,77.3217,NO2,36,39,38
India,Haryana,Fatehabad,"Huda Sector, Fatehabad - HSPCB","02-12-2025 22:00:00",29.503664,75.467934,NH3,13,15,14
India,Haryana,Fatehabad,"Huda Sector, Fatehabad - HSPCB","02-12-2025 22:00:00",29.503664,75.467934,CO,25,42,28
India,Haryana,Gurugram,"NISE Gwal Pahari, Gurugram - IMD","02-12-2025 22:00:00",28.422681,77.148944,PM10,164,464,282
India,Haryana,Gurugram,"NISE Gwal Pahari, Gurugram - IMD","02-12-2025 22:00:00",28.422681,77.148944,CO,15,102,52
India,Haryana,Gurugram,"Sector-51, Gurugram - HSPCB","02-12-2025 22:00:00",28.4227,77.0667,PM2.5,140,482,315
India,Haryana,Panchgaon,"Amity University, Panchgaon - IITM","02-12-2025 22:00:00",28.3153,76.9143,CO,26,62,42
India,Haryana,Panchkula,"Sector-6, Panchkula - HSPCB ","02-12-2025 22:00:00",30.7057778,76.8531805555555,PM2.5,91,105,95
India,Haryana,Panchkula,"Sector-6, Panchkula - HSPCB ","02-12-2025 22:00:00",30.7057778,76.8531805555555,OZONE,17,29,25
India,Haryana,Panipat,"Sector-18, Panipat - HSPCB","02-12-2025 22:00:00",29.432304,76.972765,PM10,NA,NA,NA
India,Haryana,Sirsa,"F-Block, Sirsa - HSPCB","02-12-2025 22:00:00",29.536400,75.015800,SO2,10,13,12
India,Haryana,Sirsa,"F-Block, Sirsa - HSPCB","02-12-2025 22:00:00",29.536400,75.015800,CO,28,62,35
India,Haryana,Sirsa,"F-Block, Sirsa - HSPCB","02-12-2025 22:00:00",29.536400,75.015800,OZONE,37,43,40
India,Haryana,Mandikhera,"General Hospital, Mandikhera(Nuh) - HSPCB","02-12-2025 22:00:00",27.9002,76.9938,SO2,NA,NA,NA
India,Haryana,Manesar,"Sector-2 IMT, Manesar - HSPCB","02-12-2025 22:00:00",28.360699,76.936090,SO2,NA,NA,NA
India,Haryana,Narnaul,"Shastri Nagar, Narnaul - HSPCB","02-12-2025 22:00:00",28.060249,76.113115,NH3,10,23,17
India,Haryana,Palwal,"Shyam Nagar, Palwal - HSPCB","02-12-2025 22:00:00",28.1485564,77.3320667,PM2.5,85,166,130
India,Haryana,Bhiwani,"H.B. Colony, Bhiwani - HSPCB","02-12-2025 22:00:00",28.806223,76.141105,OZONE,9,18,13
India,Haryana,"Charkhi Dadri","Mini Secretariat, Charkhi Dadri - HSPCB","02-12-2025 22:00:00",28.593883,76.270653,SO2,10,12,10
India,Haryana,Faridabad,"New Industrial Town, Faridabad - HSPCB","02-12-2025 22:00:00",28.39072,77.30059,PM10,162,171,166
India,Haryana,Kurukshetra,"Sector-7, Kurukshetra - HSPCB","02-12-2025 22:00:00",29.966942,76.875879,PM10,NA,NA,NA
India,Haryana,Kurukshetra,"Sector-7, Kurukshetra - HSPCB","02-12-2025 22:00:00",29.966942,76.875879,OZONE,16,79,66
India,Haryana,Mandikhera,"General Hospital, Mandikhera(Nuh) - HSPCB","02-12-2025 22:00:00",27.9002,76.9938,PM10,NA,NA,NA
India,Gujarat,Gandhinagar,"Sector-10, Gandhinagar - GPCB","02-12-2025 22:00:00",23.221714,72.654328,NO2,16,45,24
India,Haryana,Bahadurgarh,"Arya Nagar, Bahadurgarh - HSPCB","02-12-2025 22:00:00",28.6701,76.9254,NO2,12,14,13
India,Karnataka,Bagalkot,"Vidayagiri, Bagalkot - KSPCB","02-12-2025 22:00:00",16.172806,75.659694,OZONE,12,16,16
India,Karnataka,Belgaum,"Ramteerth Nagar, Belgaum - KSPCB","02-12-2025 22:00:00",15.888653,74.541751,NO2,43,108,64
India,Karnataka,Belgaum,"Ramteerth Nagar, Belgaum - KSPCB","02-12-2025 22:00:00",15.888653,74.541751,OZONE,19,20,19
India,Karnataka,Bengaluru,"BTM Layout, Bengaluru - CPCB","02-12-2025 22:00:00",12.9135218,77.5950804,NO2,50,78,59
India,Karnataka,Bengaluru,"BTM Layout, Bengaluru - CPCB","02-12-2025 22:00:00",12.9135218,77.5950804,SO2,18,23,21
India,Karnataka,Bengaluru,"BWSSB Kadabesanahalli, Bengaluru - CPCB","02-12-2025 22:00:00",12.9352049,77.6814488,CO,74,107,103
India,Karnataka,Bengaluru,"City Railway Station, Bengaluru - KSPCB","02-12-2025 22:00:00",12.9756843,77.5660749,CO,86,88,87
India,Karnataka,Bengaluru,"Hebbal, Bengaluru - KSPCB","02-12-2025 22:00:00",13.029152,77.585901,NH3,NA,NA,NA
India,Karnataka,Bengaluru,"Hebbal, Bengaluru - KSPCB","02-12-2025 22:00:00",13.029152,77.585901,CO,10,36,17
India,Karnataka,Bengaluru,"Hombegowda Nagar, Bengaluru - KSPCB","02-12-2025 22:00:00",12.938539,77.590100,PM10,26,99,45
India,Karnataka,Bengaluru,"Hombegowda Nagar, Bengaluru - KSPCB","02-12-2025 22:00:00",12.938539,77.590100,CO,14,34,24
India,Karnataka,Bengaluru,"Jayanagar 5th Block, Bengaluru - KSPCB","02-12-2025 22:00:00",12.920984,77.584908,CO,7,86,51
India,Karnataka,Bengaluru,"Peenya, Bengaluru - CPCB","02-12-2025 22:00:00",13.0270199,77.494094,NO2,21,27,24
India,Karnataka,Bengaluru,"Peenya, Bengaluru - CPCB","02-12-2025 22:00:00",13.0270199,77.494094,OZONE,25,26,25
India,Karnataka,Bengaluru,"RVCE-Mailasandra, Bengaluru - KSPCB","02-12-2025 22:00:00",12.921418,77.502466,PM10,41,183,98
India,Karnataka,Bengaluru,"RVCE-Mailasandra, Bengaluru - KSPCB","02-12-2025 22:00:00",12.921418,77.502466,NO2,18,23,22
India,Karnataka,Bengaluru,"RVCE-Mailasandra, Bengaluru - KSPCB","02-12-2025 22:00:00",12.921418,77.502466,SO2,4,6,6
India,Karnataka,Bengaluru,"Sanegurava Halli, Bengaluru - KSPCB","02-12-2025 22:00:00",12.990328,77.5431385,NO2,19,22,20
India,Karnataka,Bengaluru,"Sanegurava Halli, Bengaluru - KSPCB","02-12-2025 22:00:00",12.990328,77.5431385,SO2,7,7,7
India,Karnataka,Bengaluru,"Silk Board, Bengaluru - KSPCB","02-12-2025 22:00:00",12.917348,77.622813,NO2,11,14,12
India,Karnataka,Bengaluru,"Silk Board, Bengaluru - KSPCB","02-12-2025 22:00:00",12.917348,77.622813,NH3,2,2,2
India,Karnataka,Chamarajanagar,"Urban, Chamarajanagar - KSPCB","02-12-2025 22:00:00",11.55358,76.55521,PM10,30,58,43
India,Karnataka,Chikkamagaluru,"Kalyana Nagara, Chikkamagaluru - KSPCB","02-12-2025 22:00:00",13.328028,75.797056,NH3,2,3,2
India,Karnataka,Davanagere,"Devaraj Urs Badavane, Davanagere - KSPCB","02-12-2025 22:00:00",14.475800,75.905200,SO2,4,6,5
India,Karnataka,Davanagere,"Devaraj Urs Badavane, Davanagere - KSPCB","02-12-2025 22:00:00",14.475800,75.905200,OZONE,19,21,20
India,Karnataka,Dharwad,"Kalabhavan, Dharwad - KSPCB","02-12-2025 22:00:00",15.459706,75.008381,OZONE,18,19,18
India,Karnataka,Hubballi,"Lingaraj Nagar, Hubballi - KSPCB","02-12-2025 22:00:00",15.3714823,75.1160168,NO2,10,13,10
India,Karnataka,Kalaburagi,"Lal Bahadur Shastri Nagar, Kalaburagi - KSPCB","02-12-2025 22:00:00",17.321993,76.822628,PM2.5,16,52,41
India,Karnataka,Kalaburagi,"Mahatma Basaveswar Colony, Kalaburgi - KSPCB","02-12-2025 22:00:00",17.336318,76.847397,CO,38,64,41
India,Karnataka,Koppal,"Diwator Nagar, Koppal - KSPCB","02-12-2025 22:00:00",15.347630,76.181767,PM2.5,23,77,45
